Primary_Ed,ZZ_Primary_Ed_061014_1,8,poster - scarcity vs abundance thinking,https://pbs.twimg.com/media/By1jCVRCAAE5l5_.jpg,56,33,5,,,
bmontycds,ZZ_Primary_Ed_061014_1,4,poster - scarcity vs abundance thinking,,56,33,5,,,
ndebrantes,ZZ_Primary_Ed_061014_1,4,poster - scarcity vs abundance thinking,,56,33,5,,,
M5Cannon,ZZ_Primary_Ed_061014_1,4,poster - scarcity vs abundance thinking,,56,33,5,,,
KimSDalton,ZZ_Primary_Ed_061014_1,4,poster - scarcity vs abundance thinking,,56,33,5,,,
engdkyl,ZZ_Primary_Ed_061014_1,4,poster - scarcity vs abundance thinking,,56,33,5,,,
PiaMcKay,ZZ_Primary_Ed_061014_1,2,poster - scarcity vs abundance thinking,,56,33,5,,,
Carol_Learning,ZZ_Primary_Ed_061014_1,2,poster - scarcity vs abundance thinking,,56,33,5,,,
kerrywalker55,ZZ_Primary_Ed_061014_1,2,poster - scarcity vs abundance thinking,,56,33,5,,,
hellomsteliczan,ZZ_Primary_Ed_061014_1,2,poster - scarcity vs abundance thinking,,56,33,5,,,
marcelamomberg,ZZ_Primary_Ed_061014_1,2,poster - scarcity vs abundance thinking,,56,33,5,,,
motiv_competent,ZZ_Primary_Ed_061014_1,2,poster - scarcity vs abundance thinking,,56,33,5,,,
lvcoulter,ZZ_Primary_Ed_061014_1,2,poster - scarcity vs abundance thinking,,56,33,5,,,
kercherburns,ZZ_Primary_Ed_061014_1,2,poster - scarcity vs abundance thinking,,56,33,5,,,
ThibaultMat,ZZ_Primary_Ed_061014_1,2,poster - scarcity vs abundance thinking,,56,33,5,,,
CastorValleyES,ZZ_Primary_Ed_061014_1,2,poster - scarcity vs abundance thinking,,56,33,5,,,
Phudginsschool,ZZ_Primary_Ed_061014_1,2,poster - scarcity vs abundance thinking,,56,33,5,,,
OEASAaacps,ZZ_Primary_Ed_061014_1,2,poster - scarcity vs abundance thinking,,56,33,5,,,
CleyOldTownHall,ZZ_Primary_Ed_061014_1,2,poster - scarcity vs abundance thinking,,56,33,5,,,
DanWilliams68,ZZ_Primary_Ed_061014_1,2,poster - scarcity vs abundance thinking,,56,33,5,,,
HeatherBMartin,ZZ_Primary_Ed_061014_1,2,poster - scarcity vs abundance thinking,,56,33,5,,,
shipley_melinda,ZZ_Primary_Ed_061014_1,2,poster - scarcity vs abundance thinking,,56,33,5,,,
mountford_manor,ZZ_Primary_Ed_061014_1,2,poster - scarcity vs abundance thinking,,56,33,5,,,
LittlewalUK,ZZ_Primary_Ed_061014_1,2,poster - scarcity vs abundance thinking,,56,33,5,,,
kldrummond,ZZ_Primary_Ed_061014_1,2,poster - scarcity vs abundance thinking,,56,33,5,,,
dlmartinez1966,ZZ_Primary_Ed_061014_1,2,poster - scarcity vs abundance thinking,,56,33,5,,,
devopscouts,ZZ_Primary_Ed_061014_1,2,poster - scarcity vs abundance thinking,,56,33,5,,,
SJE_Rocks,ZZ_Primary_Ed_061014_1,2,poster - scarcity vs abundance thinking,,56,33,5,,,
itknowingness,ZZ_Primary_Ed_061014_1,2,poster - scarcity vs abundance thinking,,56,33,5,,,
LavoieFred,ZZ_Primary_Ed_061014_1,2,poster - scarcity vs abundance thinking,,56,33,5,,,
susanhopkins5,ZZ_Primary_Ed_061014_1,2,poster - scarcity vs abundance thinking,,56,33,5,,,
ndebrantes,ZZ_Primary_Ed_061014_1,2,poster - scarcity vs abundance thinking,,56,33,5,0,1,0
snguyen_s,ZZ_Primary_Ed_061014_1,1,poster - scarcity vs abundance thinking,,56,33,5,,,
Carol_Learning,ZZ_Primary_Ed_061014_1,1,poster - scarcity vs abundance thinking,,56,33,5,,,
HillsmereESAACP,ZZ_Primary_Ed_061014_1,1,poster - scarcity vs abundance thinking,,56,33,5,,,
Sheffield68,ZZ_Primary_Ed_061014_1,1,poster - scarcity vs abundance thinking,,56,33,5,,,
LS_Herts,ZZ_Primary_Ed_061014_1,1,poster - scarcity vs abundance thinking,,56,33,5,,,
MissKMcD,ZZ_Primary_Ed_061014_1,1,poster - scarcity vs abundance thinking,,56,33,5,,,
intractvachvmnt,ZZ_Primary_Ed_061014_1,1,poster - scarcity vs abundance thinking,,56,33,5,,,
MariaCollar1,ZZ_Primary_Ed_061014_1,1,poster - scarcity vs abundance thinking,,56,33,5,,,
LisaGWalk,ZZ_Primary_Ed_061014_1,1,poster - scarcity vs abundance thinking,,56,33,5,,,
ThibaultMat,ZZ_Primary_Ed_061014_1,1,poster - scarcity vs abundance thinking,,56,33,5,,,
timothygiordano,ZZ_Primary_Ed_061014_1,1,poster - scarcity vs abundance thinking,,56,33,5,,,
StTimothysG41,ZZ_Primary_Ed_061014_1,1,poster - scarcity vs abundance thinking,,56,33,5,,,
ChaisPasTrop,ZZ_Primary_Ed_061014_1,1,poster - scarcity vs abundance thinking,,56,33,5,,,
andieshaffer1,ZZ_Primary_Ed_061014_1,1,poster - scarcity vs abundance thinking,,56,33,5,,,
kellilee84,ZZ_Primary_Ed_061014_1,1,poster - scarcity vs abundance thinking,,56,33,5,,,
davidisgitt,ZZ_Primary_Ed_061014_1,1,poster - scarcity vs abundance thinking,,56,33,5,,,
ndebrantes,ZZ_Primary_Ed_061014_1,1,poster - scarcity vs abundance thinking,,56,33,5,,,
bmontycds,ZZ_Primary_Ed_061014_1,1,poster - scarcity vs abundance thinking,,56,33,5,,,
LornaMonroe,ZZ_Primary_Ed_061014_1,1,poster - scarcity vs abundance thinking,,56,33,5,,,
massmosaic,ZZ_Primary_Ed_061014_1,1,poster - scarcity vs abundance thinking,,56,33,5,,,
kpanthaki,ZZ_Primary_Ed_061014_1,1,poster - scarcity vs abundance thinking,,56,33,5,,,
thezenteacher,ZZ_Primary_Ed_061014_1,1,poster - scarcity vs abundance thinking,,56,33,5,,,
mamaclean28,ZZ_Primary_Ed_061014_1,1,poster - scarcity vs abundance thinking,,56,33,5,,,
ericnentrup,ZZ_Primary_Ed_061014_1,1,poster - scarcity vs abundance thinking,,56,33,5,,,
qtcswsr,ZZ_Primary_Ed_061014_1,1,poster - scarcity vs abundance thinking,,56,33,5,,,
dNativesCorp,ZZ_dNativesCorp_071014_1,8,teacher's notepad - why I tweet as a teacher,https://pbs.twimg.com/media/Bt67RvXCEAA3nWa.jpg,0,0,0,,,
Primary_Ed,ZZ_Primary_Ed_071014_1,8,teacher's work - poster for what to do when stuck,https://pbs.twimg.com/media/BzXvWf8CQAEVY0X.jpg,27,54,3,14,37,1
VPWilliamson,ZZ_Primary_Ed_071014_1,4,teacher's work - poster for what to do when stuck,,27,54,3,,,
Pulzlad19,ZZ_Primary_Ed_071014_1,4 via osirisedu,teacher's work - poster for what to do when stuck,,27,54,3,,,
HalehAgar,ZZ_Primary_Ed_071014_1,4 via osirisedu,teacher's work - poster for what to do when stuck,,27,54,3,,,
ms_iz,ZZ_Primary_Ed_071014_1,2,teacher's work - poster for what to do when stuck,,27,54,3,,,
ROARMMS,ZZ_Primary_Ed_071014_1,2,teacher's work - poster for what to do when stuck,,27,54,3,,,
TanyaSpillane,ZZ_Primary_Ed_071014_1,2,teacher's work - poster for what to do when stuck,,27,54,3,,,
RhettLadner,ZZ_Primary_Ed_071014_1,2,teacher's work - poster for what to do when stuck,,27,54,3,,,
nancefoster,ZZ_Primary_Ed_071014_1,2,teacher's work - poster for what to do when stuck,,27,54,3,,,
eburchat,ZZ_Primary_Ed_071014_1,2,teacher's work - poster for what to do when stuck,,27,54,3,,,
VickiBostonSLP,ZZ_Primary_Ed_071014_1,2,teacher's work - poster for what to do when stuck,,27,54,3,,,
ell_teacherpros,ZZ_Primary_Ed_071014_1,2,teacher's work - poster for what to do when stuck,,27,54,3,,,
nystrom5402,ZZ_Primary_Ed_071014_1,2,teacher's work - poster for what to do when stuck,,27,54,3,,,
dnoble23,ZZ_Primary_Ed_071014_1,2,teacher's work - poster for what to do when stuck,,27,54,3,,,
MissGarciaLHS,ZZ_Primary_Ed_071014_1,2,teacher's work - poster for what to do when stuck,,27,54,3,,,
HankeyRobert,ZZ_Primary_Ed_071014_1,2,teacher's work - poster for what to do when stuck,,27,54,3,,,
katsogianopolou,ZZ_Primary_Ed_071014_1,2,teacher's work - poster for what to do when stuck,,27,54,3,,,
rparmley1,ZZ_Primary_Ed_071014_1,2,teacher's work - poster for what to do when stuck,,27,54,3,,,
VPWilliamson,ZZ_Primary_Ed_071014_1,2,teacher's work - poster for what to do when stuck,,27,54,3,,,
osirisedu,ZZ_Primary_Ed_071014_1,2,teacher's work - poster for what to do when stuck,,27,54,3,12,14,0
Infeducation,ZZ_Primary_Ed_071014_1,2,teacher's work - poster for what to do when stuck,,27,54,3,1,3,0
KINGSCEP,ZZ_Primary_Ed_071014_1,2 via osirisedu,teacher's work - poster for what to do when stuck,,27,54,3,,,
Pulzlad19,ZZ_Primary_Ed_071014_1,2 via osirisedu,teacher's work - poster for what to do when stuck,,27,54,3,,,
jdgpercy,ZZ_Primary_Ed_071014_1,2 via osirisedu,teacher's work - poster for what to do when stuck,,27,54,3,,,
Catherine_D2013,ZZ_Primary_Ed_071014_1,2 via osirisedu,teacher's work - poster for what to do when stuck,,27,54,3,,,
lbingley,ZZ_Primary_Ed_071014_1,2 via osirisedu,teacher's work - poster for what to do when stuck,,27,54,3,,,
SanStansfield,ZZ_Primary_Ed_071014_1,2 via osirisedu,teacher's work - poster for what to do when stuck,,27,54,3,,,
sarelleyoung,ZZ_Primary_Ed_071014_1,2 via osirisedu,teacher's work - poster for what to do when stuck,,27,54,3,,,
HalehAgar,ZZ_Primary_Ed_071014_1,2 via osirisedu,teacher's work - poster for what to do when stuck,,27,54,3,,,
vybacke,ZZ_Primary_Ed_071014_1,2 via osirisedu,teacher's work - poster for what to do when stuck,,27,54,3,,,
HeadteacherCNS,ZZ_Primary_Ed_071014_1,2 via osirisedu,teacher's work - poster for what to do when stuck,,27,54,3,,,
ZacharyBeth,ZZ_Primary_Ed_071014_1,2 via osirisedu,teacher's work - poster for what to do when stuck,,27,54,3,,,
schwabs52,ZZ_Primary_Ed_071014_1,2 via osirisedu,teacher's work - poster for what to do when stuck,,27,54,3,,,
CharltonClass,ZZ_Primary_Ed_071014_1,2 via In1edu4ation,teacher's work - poster for what to do when stuck,,27,54,3,,,
busybteach,ZZ_Primary_Ed_071014_1,1,teacher's work - poster for what to do when stuck,,27,54,3,,,
Trbmag5582,ZZ_Primary_Ed_071014_1,1,teacher's work - poster for what to do when stuck,,27,54,3,,,
teacherwithtuba,ZZ_Primary_Ed_071014_1,1,teacher's work - poster for what to do when stuck,,27,54,3,,,
TanyaSpillane,ZZ_Primary_Ed_071014_1,1,teacher's work - poster for what to do when stuck,,27,54,3,,,
RhettLadner,ZZ_Primary_Ed_071014_1,1,teacher's work - poster for what to do when stuck,,27,54,3,,,
nickimarie72,ZZ_Primary_Ed_071014_1,1,teacher's work - poster for what to do when stuck,,27,54,3,,,
djcunningham,ZZ_Primary_Ed_071014_1,1,teacher's work - poster for what to do when stuck,,27,54,3,,,
nancefoster,ZZ_Primary_Ed_071014_1,1,teacher's work - poster for what to do when stuck,,27,54,3,,,
AMDOHERTY5,ZZ_Primary_Ed_071014_1,1,teacher's work - poster for what to do when stuck,,27,54,3,,,
Lmanen,ZZ_Primary_Ed_071014_1,1,teacher's work - poster for what to do when stuck,,27,54,3,,,
StTimothysG41,ZZ_Primary_Ed_071014_1,1,teacher's work - poster for what to do when stuck,,27,54,3,,,
trombones97,ZZ_Primary_Ed_071014_1,1,teacher's work - poster for what to do when stuck,,27,54,3,,,
VPWilliamson,ZZ_Primary_Ed_071014_1,1,teacher's work - poster for what to do when stuck,,27,54,3,,,
EduJCummings,ZZ_Primary_Ed_071014_1,1,teacher's work - poster for what to do when stuck,,27,54,3,,,
bfs_ltps,ZZ_Primary_Ed_071014_1,1,teacher's work - poster for what to do when stuck,,27,54,3,,,
tamreardon,ZZ_Primary_Ed_071014_1,1,teacher's work - poster for what to do when stuck,,27,54,3,,,
SalMoniz,ZZ_Primary_Ed_071014_1,1,teacher's work - poster for what to do when stuck,,27,54,3,,,
DravicMichelle,ZZ_Primary_Ed_071014_1,1,teacher's work - poster for what to do when stuck,,27,54,3,,,
dnoble23,ZZ_Primary_Ed_071014_1,1,teacher's work - poster for what to do when stuck,,27,54,3,,,
WizardofEd,ZZ_Primary_Ed_071014_1,1,teacher's work - poster for what to do when stuck,,27,54,3,,,
TeacherKettle,ZZ_Primary_Ed_071014_1,1,teacher's work - poster for what to do when stuck,,27,54,3,,,
HankeyRobert,ZZ_Primary_Ed_071014_1,1,teacher's work - poster for what to do when stuck,,27,54,3,,,
OxfordSuper,ZZ_Primary_Ed_071014_1,1,teacher's work - poster for what to do when stuck,,27,54,3,,,
bentravis1973,ZZ_Primary_Ed_071014_1,1,teacher's work - poster for what to do when stuck,,27,54,3,,,
BigBlueSkyLive,ZZ_Primary_Ed_071014_1,1,teacher's work - poster for what to do when stuck,,27,54,3,,,
Jools_Cox,ZZ_Primary_Ed_071014_1,1 via osirisedu,teacher's work - poster for what to do when stuck,,27,54,3,,,
Westylish,ZZ_Primary_Ed_071014_1,1 via osirisedu,teacher's work - poster for what to do when stuck,,27,54,3,,,
maths_and_more,ZZ_Primary_Ed_071014_1,1 via osirisedu,teacher's work - poster for what to do when stuck,,27,54,3,,,
PardyDhilon,ZZ_Primary_Ed_071014_1,1 via osirisedu,teacher's work - poster for what to do when stuck,,27,54,3,,,
Walkaboutkev,ZZ_Primary_Ed_071014_1,1 via osirisedu,teacher's work - poster for what to do when stuck,,27,54,3,,,
Mrs_Manson1,ZZ_Primary_Ed_071014_1,1 via osirisedu,teacher's work - poster for what to do when stuck,,27,54,3,,,
BlakeHyggen,ZZ_Primary_Ed_071014_1,1 via osirisedu,teacher's work - poster for what to do when stuck,,27,54,3,,,
MaryleeAng,ZZ_Primary_Ed_071014_1,1 via osirisedu,teacher's work - poster for what to do when stuck,,27,54,3,,,
HahnclanMegan,ZZ_Primary_Ed_071014_1,1 via osirisedu,teacher's work - poster for what to do when stuck,,27,54,3,,,
SanStansfield,ZZ_Primary_Ed_071014_1,1 via osirisedu,teacher's work - poster for what to do when stuck,,27,54,3,,,
iain_fisher,ZZ_Primary_Ed_071014_1,1 via osirisedu,teacher's work - poster for what to do when stuck,,27,54,3,,,
jaynebevan,ZZ_Primary_Ed_071014_1,1 via osirisedu,teacher's work - poster for what to do when stuck,,27,54,3,,,
HeadteacherCNS,ZZ_Primary_Ed_071014_1,1 via osirisedu,teacher's work - poster for what to do when stuck,,27,54,3,,,
schwabs52,ZZ_Primary_Ed_071014_1,1 via osirisedu,teacher's work - poster for what to do when stuck,,27,54,3,,,
e2f1d16192fc466,ZZ_Primary_Ed_071014_1,1 via In1edu4tion,teacher's work - poster for what to do when stuck,,27,54,3,,,
freddiefrog66,ZZ_Primary_Ed_071014_1,1 via In1edu4tion,teacher's work - poster for what to do when stuck,,27,54,3,,,
ArtAshHilAcad,ZZ_Primary_Ed_071014_1,1 via In1edu4tion,teacher's work - poster for what to do when stuck,,27,54,3,,,
Primary_Ed,ZZ_Primary_Ed_071014_2,8,teacher-produced poster or illustration of a process for reflecting on 'making' activities,https://pbs.twimg.com/media/BzXNawtCQAEEveN.jpg,15,21,0,,,
eduthoughts,ZZ_Primary_Ed_071014_2,2,teacher-produced poster or illustration of a process for reflecting on 'making' activities,,15,21,0,,,
RhettLadner,ZZ_Primary_Ed_071014_2,2,teacher-produced poster or illustration of a process for reflecting on 'making' activities,,15,21,0,,,
MissKMcD,ZZ_Primary_Ed_071014_2,2,teacher-produced poster or illustration of a process for reflecting on 'making' activities,,15,21,0,,,
physxclassroom,ZZ_Primary_Ed_071014_2,2,teacher-produced poster or illustration of a process for reflecting on 'making' activities,,15,21,0,,,
nickimarie72,ZZ_Primary_Ed_071014_2,2,teacher-produced poster or illustration of a process for reflecting on 'making' activities,,15,21,0,,,
deb_minogue,ZZ_Primary_Ed_071014_2,2,teacher-produced poster or illustration of a process for reflecting on 'making' activities,,15,21,0,,,
a_a00oo00oo,ZZ_Primary_Ed_071014_2,2,teacher-produced poster or illustration of a process for reflecting on 'making' activities,,15,21,0,,,
kellyakoronek,ZZ_Primary_Ed_071014_2,2,teacher-produced poster or illustration of a process for reflecting on 'making' activities,,15,21,0,,,
chantaltrudeau,ZZ_Primary_Ed_071014_2,2,teacher-produced poster or illustration of a process for reflecting on 'making' activities,,15,21,0,,,
dipandswerve,ZZ_Primary_Ed_071014_2,2,teacher-produced poster or illustration of a process for reflecting on 'making' activities,,15,21,0,,,
BeuckelareNic,ZZ_Primary_Ed_071014_2,2,teacher-produced poster or illustration of a process for reflecting on 'making' activities,,15,21,0,,,
zbpipe,ZZ_Primary_Ed_071014_2,2,teacher-produced poster or illustration of a process for reflecting on 'making' activities,,15,21,0,,,
MrsHessClass,ZZ_Primary_Ed_071014_2,2,teacher-produced poster or illustration of a process for reflecting on 'making' activities,,15,21,0,,,
FieldDayApp,ZZ_Primary_Ed_071014_2,2,teacher-produced poster or illustration of a process for reflecting on 'making' activities,,15,21,0,,,
ChrisWeissCT,ZZ_Primary_Ed_071014_2,1,teacher-produced poster or illustration of a process for reflecting on 'making' activities,,15,21,0,,,
kmcavoy50,ZZ_Primary_Ed_071014_2,1,teacher-produced poster or illustration of a process for reflecting on 'making' activities,,15,21,0,,,
RhettLadner,ZZ_Primary_Ed_071014_2,1,teacher-produced poster or illustration of a process for reflecting on 'making' activities,,15,21,0,,,
SarahThompson28,ZZ_Primary_Ed_071014_2,1,teacher-produced poster or illustration of a process for reflecting on 'making' activities,,15,21,0,,,
MissKMcD,ZZ_Primary_Ed_071014_2,1,teacher-produced poster or illustration of a process for reflecting on 'making' activities,,15,21,0,,,
nickimarie72,ZZ_Primary_Ed_071014_2,1,teacher-produced poster or illustration of a process for reflecting on 'making' activities,,15,21,0,,,
WizardofEd,ZZ_Primary_Ed_071014_2,1,teacher-produced poster or illustration of a process for reflecting on 'making' activities,,15,21,0,,,
MaryHadley8,ZZ_Primary_Ed_071014_2,1,teacher-produced poster or illustration of a process for reflecting on 'making' activities,,15,21,0,,,
DanBuhleman,ZZ_Primary_Ed_071014_2,1,teacher-produced poster or illustration of a process for reflecting on 'making' activities,,15,21,0,,,
mursidedemirkol,ZZ_Primary_Ed_071014_2,1,teacher-produced poster or illustration of a process for reflecting on 'making' activities,,15,21,0,,,
ell_teacherpros,ZZ_Primary_Ed_071014_2,1,teacher-produced poster or illustration of a process for reflecting on 'making' activities,,15,21,0,,,
CoachDB77,ZZ_Primary_Ed_071014_2,1,teacher-produced poster or illustration of a process for reflecting on 'making' activities,,15,21,0,,,
kellyakoronek,ZZ_Primary_Ed_071014_2,1,teacher-produced poster or illustration of a process for reflecting on 'making' activities,,15,21,0,,,
TheresaPinho,ZZ_Primary_Ed_071014_2,1,teacher-produced poster or illustration of a process for reflecting on 'making' activities,,15,21,0,,,
SteveHughes1984,ZZ_Primary_Ed_071014_2,1,teacher-produced poster or illustration of a process for reflecting on 'making' activities,,15,21,0,,,
tamreardon,ZZ_Primary_Ed_071014_2,1,teacher-produced poster or illustration of a process for reflecting on 'making' activities,,15,21,0,,,
igoreloii,ZZ_Primary_Ed_071014_2,1,teacher-produced poster or illustration of a process for reflecting on 'making' activities,,15,21,0,,,
SerenaDelhon,ZZ_Primary_Ed_071014_2,1,teacher-produced poster or illustration of a process for reflecting on 'making' activities,,15,21,0,,,
jimanddawn,ZZ_Primary_Ed_071014_2,1,teacher-produced poster or illustration of a process for reflecting on 'making' activities,,15,21,0,,,
MrsHessClass,ZZ_Primary_Ed_071014_2,1,teacher-produced poster or illustration of a process for reflecting on 'making' activities,,15,21,0,,,
springrose12,ZZ_Primary_Ed_071014_2,1,teacher-produced poster or illustration of a process for reflecting on 'making' activities,,15,21,0,,,
Primary_Ed,ZZ_Primary_Ed_071014_3,8,partially filled in 'refinement log',https://twitter.com/LeedsArtTeacher/status/519524426958639104/photo/1,14,20,6,,,
dipandswerve,ZZ_Primary_Ed_071014_3,4,partially filled in 'refinement log',,14,20,6,,,
SmittyJulie,ZZ_Primary_Ed_071014_3,4,partially filled in 'refinement log',,14,20,6,,,
ASTsupportAAli,ZZ_Primary_Ed_071014_3,4,partially filled in 'refinement log',,14,20,6,,,
TeacherToolkit,ZZ_Primary_Ed_071014_3,4,partially filled in 'refinement log',,14,20,6,,,
LeedsArtTeacher,ZZ_Primary_Ed_071014_3,4,partially filled in 'refinement log',,14,20,6,,,
SteveFoxAST,ZZ_Primary_Ed_071014_3,4,partially filled in 'refinement log',,14,20,6,,,
SteveFoxAST,ZZ_Primary_Ed_071014_3,2,partially filled in 'refinement log',,14,20,6,,,
NaturalScienceK,ZZ_Primary_Ed_071014_3,2,partially filled in 'refinement log',,14,20,6,,,
TanyaSpillane,ZZ_Primary_Ed_071014_3,2,partially filled in 'refinement log',,14,20,6,,,
deb_minogue,ZZ_Primary_Ed_071014_3,2,partially filled in 'refinement log',,14,20,6,,,
eburchat,ZZ_Primary_Ed_071014_3,2,partially filled in 'refinement log',,14,20,6,,,
Fernandes_Ann,ZZ_Primary_Ed_071014_3,2,partially filled in 'refinement log',,14,20,6,,,
itknowingness,ZZ_Primary_Ed_071014_3,2,partially filled in 'refinement log',,14,20,6,,,
Wimsis13,ZZ_Primary_Ed_071014_3,2,partially filled in 'refinement log',,14,20,6,,,
ell_teacherpros,ZZ_Primary_Ed_071014_3,2,partially filled in 'refinement log',,14,20,6,,,
AmySicoli,ZZ_Primary_Ed_071014_3,2,partially filled in 'refinement log',,14,20,6,,,
dnoble23,ZZ_Primary_Ed_071014_3,2,partially filled in 'refinement log',,14,20,6,,,
RonNg10,ZZ_Primary_Ed_071014_3,2,partially filled in 'refinement log',,14,20,6,,,
tracyb_barker,ZZ_Primary_Ed_071014_3,2,partially filled in 'refinement log',,14,20,6,,,
nystrom5402,ZZ_Primary_Ed_071014_3,2,partially filled in 'refinement log',,14,20,6,,,
vbanky77,ZZ_Primary_Ed_071014_3,1,partially filled in 'refinement log',,14,20,6,,,
SteveFoxAST,ZZ_Primary_Ed_071014_3,1,partially filled in 'refinement log',,14,20,6,,,
Hannah0McCann,ZZ_Primary_Ed_071014_3,1,partially filled in 'refinement log',,14,20,6,,,
DcpArtED,ZZ_Primary_Ed_071014_3,1,partially filled in 'refinement log',,14,20,6,,,
Suvisal0,ZZ_Primary_Ed_071014_3,1,partially filled in 'refinement log',,14,20,6,,,
Trbmag5582,ZZ_Primary_Ed_071014_3,1,partially filled in 'refinement log',,14,20,6,,,
TanyaSpillane,ZZ_Primary_Ed_071014_3,1,partially filled in 'refinement log',,14,20,6,,,
WizardofEd,ZZ_Primary_Ed_071014_3,1,partially filled in 'refinement log',,14,20,6,,,
quinonmaryon,ZZ_Primary_Ed_071014_3,1,partially filled in 'refinement log',,14,20,6,,,
johayes27,ZZ_Primary_Ed_071014_3,1,partially filled in 'refinement log',,14,20,6,,,
Wimsis13,ZZ_Primary_Ed_071014_3,1,partially filled in 'refinement log',,14,20,6,,,
tamreardon,ZZ_Primary_Ed_071014_3,1,partially filled in 'refinement log',,14,20,6,,,
dnoble23,ZZ_Primary_Ed_071014_3,1,partially filled in 'refinement log',,14,20,6,,,
Gwenelope,ZZ_Primary_Ed_071014_3,1,partially filled in 'refinement log',,14,20,6,,,
LangTeachersIre,ZZ_Primary_Ed_071014_3,1,partially filled in 'refinement log',,14,20,6,,,
EnterpriseSBox,ZZ_Primary_Ed_071014_3,1,partially filled in 'refinement log',,14,20,6,,,
MsGottvald,ZZ_Primary_Ed_071014_3,1,partially filled in 'refinement log',,14,20,6,,,
springrose12,ZZ_Primary_Ed_071014_3,1,partially filled in 'refinement log',,14,20,6,,,
tracyb_barker,ZZ_Primary_Ed_071014_3,1,partially filled in 'refinement log',,14,20,6,,,
Primary_Ed,ZZ_Primary_Ed_071014_4,8,"screen image, 5 properties of a good maths app",https://pbs.twimg.com/media/BzXnQxFCIAIarXg.jpg,33,27,0,,,
csraresa2014,ZZ_Primary_Ed_071014_4,2,"screen image, 5 properties of a good maths app",,33,27,0,,,
teachjwright,ZZ_Primary_Ed_071014_4,2,"screen image, 5 properties of a good maths app",,33,27,0,,,
Math_HCS,ZZ_Primary_Ed_071014_4,2,"screen image, 5 properties of a good maths app",,33,27,0,,,
NazeemSamodien,ZZ_Primary_Ed_071014_4,2,"screen image, 5 properties of a good maths app",,33,27,0,,,
SchoolNetSA,ZZ_Primary_Ed_071014_4,2,"screen image, 5 properties of a good maths app",,33,27,0,,,
fibeal,ZZ_Primary_Ed_071014_4,2,"screen image, 5 properties of a good maths app",,33,27,0,,,
steve_principal,ZZ_Primary_Ed_071014_4,2,"screen image, 5 properties of a good maths app",,33,27,0,,,
TCEduUK,ZZ_Primary_Ed_071014_4,2,"screen image, 5 properties of a good maths app",,33,27,0,,,
NovoaYaksic,ZZ_Primary_Ed_071014_4,2,"screen image, 5 properties of a good maths app",,33,27,0,,,
CarlosRuz_F,ZZ_Primary_Ed_071014_4,2,"screen image, 5 properties of a good maths app",,33,27,0,,,
marcelamomberg,ZZ_Primary_Ed_071014_4,2,"screen image, 5 properties of a good maths app",,33,27,0,,,
deb_minogue,ZZ_Primary_Ed_071014_4,2,"screen image, 5 properties of a good maths app",,33,27,0,,,
mattboot,ZZ_Primary_Ed_071014_4,2,"screen image, 5 properties of a good maths app",,33,27,0,,,
hcbetitleone,ZZ_Primary_Ed_071014_4,2,"screen image, 5 properties of a good maths app",,33,27,0,,,
jess_l_teach,ZZ_Primary_Ed_071014_4,2,"screen image, 5 properties of a good maths app",,33,27,0,,,
kitluce1,ZZ_Primary_Ed_071014_4,2,"screen image, 5 properties of a good maths app",,33,27,0,,,
HillcrestTigers,ZZ_Primary_Ed_071014_4,2,"screen image, 5 properties of a good maths app",,33,27,0,,,
usha2208,ZZ_Primary_Ed_071014_4,2,"screen image, 5 properties of a good maths app",,33,27,0,,,
Wimsis13,ZZ_Primary_Ed_071014_4,2,"screen image, 5 properties of a good maths app",,33,27,0,,,
dougkoucher,ZZ_Primary_Ed_071014_4,2,"screen image, 5 properties of a good maths app",,33,27,0,,,
BayPrincipal,ZZ_Primary_Ed_071014_4,2,"screen image, 5 properties of a good maths app",,33,27,0,,,
kristy_brooks,ZZ_Primary_Ed_071014_4,2,"screen image, 5 properties of a good maths app",,33,27,0,,,
lieberrian,ZZ_Primary_Ed_071014_4,2,"screen image, 5 properties of a good maths app",,33,27,0,,,
ell_teacherpros,ZZ_Primary_Ed_071014_4,2,"screen image, 5 properties of a good maths app",,33,27,0,,,
shaverprek,ZZ_Primary_Ed_071014_4,2,"screen image, 5 properties of a good maths app",,33,27,0,,,
HeadofEnglish,ZZ_HeadofEnglish_081014_1,8,student in wig (role play),https://pbs.twimg.com/media/BzcC8imIYAATFzc.jpg,0,0,0,,,
pedagoo,ZZ_pedagoo_091014_1,8,crocodile dundee (pedagoo shout out),https://pbs.twimg.com/media/BzhTnJAIEAAAJxm.jpg,5,1,0,,,
RichardFiona,ZZ_pedagoo_091014_1,2,crocodile dundee (pedagoo shout out),,5,1,0,,,
littlestobbsy,ZZ_pedagoo_091014_1,2,crocodile dundee (pedagoo shout out),,5,1,0,,,
TeachArtDesign,ZZ_pedagoo_091014_1,2,crocodile dundee (pedagoo shout out),,5,1,0,,,
SeahamRE,ZZ_pedagoo_091014_1,2,crocodile dundee (pedagoo shout out),,5,1,0,,,
HeadofEnglish,ZZ_pedagoo_091014_1,2,crocodile dundee (pedagoo shout out),,5,1,0,,,
HeadofEnglish,ZZ_pedagoo_091014_1,1,crocodile dundee (pedagoo shout out),,5,1,0,,,
hawkins_joyce,ZZ_hawkins_joyce_091014_1,8,primary age kids in outdoor/off campus activities,https://pbs.twimg.com/media/BzieylRIQAAE7dg.jpg,6,5,4,,,
kathjohn20,ZZ_hawkins_joyce_091014_1,4,primary age kids in outdoor/off campus activities,,6,5,4,,,
Rthy,ZZ_hawkins_joyce_091014_1,4,primary age kids in outdoor/off campus activities,,6,5,4,,,
lorrainesanda,ZZ_hawkins_joyce_091014_1,4,primary age kids in outdoor/off campus activities,,6,5,4,,,
tc_earlyyears,ZZ_hawkins_joyce_091014_1,4,primary age kids in outdoor/off campus activities,,6,5,4,,,
ciaracreative,ZZ_hawkins_joyce_091014_1,2,primary age kids in outdoor/off campus activities,,6,5,4,,,
MissJ0nes,ZZ_hawkins_joyce_091014_1,2,primary age kids in outdoor/off campus activities,,6,5,4,,,
pedagoo,ZZ_hawkins_joyce_091014_1,2,primary age kids in outdoor/off campus activities,,6,5,4,,,
EYArgyllBute,ZZ_hawkins_joyce_091014_1,2,primary age kids in outdoor/off campus activities,,6,5,4,,,
kathjohn20,ZZ_hawkins_joyce_091014_1,2,primary age kids in outdoor/off campus activities,,6,5,4,,,
lorrainesanda,ZZ_hawkins_joyce_091014_1,2,primary age kids in outdoor/off campus activities,,6,5,4,,,
ciaracreative,ZZ_hawkins_joyce_091014_1,1,primary age kids in outdoor/off campus activities,,6,5,4,,,
Rthy,ZZ_hawkins_joyce_091014_1,1,primary age kids in outdoor/off campus activities,,6,5,4,,,
juliesherratt,ZZ_hawkins_joyce_091014_1,1,primary age kids in outdoor/off campus activities,,6,5,4,,,
SeahamRE,ZZ_hawkins_joyce_091014_1,1,primary age kids in outdoor/off campus activities,,6,5,4,,,
MissJ0nes,ZZ_hawkins_joyce_091014_1,1,primary age kids in outdoor/off campus activities,,6,5,4,,,
TandLNetwork,ZZ_TandLNetwork_091014_1,8,poster advertising Learning Spy event,https://pbs.twimg.com/media/Bzhu4dlIYAAKqPJ.jpg,2,0,0,,,
pedagoo,ZZ_TandLNetwork_091014_1,2,poster advertising Learning Spy event,,2,0,0,,,
SeahamRE,ZZ_TandLNetwork_091014_1,2,poster advertising Learning Spy event,,2,0,0,,,
MrHumanities,ZZ_MrHumanities_101014_1,8,poster advertising Learning Spy event (as above but not retweet),https://pbs.twimg.com/media/BzlVwNzIQAAVofR.jpg,1,0,0,,,
thembarrett,ZZ_MrHumanities_101014_1,2,poster advertising Learning Spy event (as above but not retweet),,1,0,0,,,
pedagoo,ZZ_pedagoo_091014_2,8,"Ghostbusters, PedagooFriday shout out",https://pbs.twimg.com/media/BzjsYVHIIAAjYzB.jpg,15,5,2,,,
adgething,ZZ_pedagoo_091014_2,4,"Ghostbusters, PedagooFriday shout out",,15,5,2,,,
jpotterx,ZZ_pedagoo_091014_2,4,"Ghostbusters, PedagooFriday shout out",,15,5,2,,,
ciaramcguane,ZZ_pedagoo_091014_2,2,"Ghostbusters, PedagooFriday shout out",,15,5,2,,,
LeckieandLeckie,ZZ_pedagoo_091014_2,2,"Ghostbusters, PedagooFriday shout out",,15,5,2,,,
fkelly,ZZ_pedagoo_091014_2,2,"Ghostbusters, PedagooFriday shout out",,15,5,2,,,
tweetsdistilled,ZZ_pedagoo_091014_2,2,"Ghostbusters, PedagooFriday shout out",,15,5,2,,,
ICTEvangelist,ZZ_pedagoo_091014_2,2,"Ghostbusters, PedagooFriday shout out",,15,5,2,,,
hgscTandL,ZZ_pedagoo_091014_2,2,"Ghostbusters, PedagooFriday shout out",,15,5,2,,,
TeamSCEL,ZZ_pedagoo_091014_2,2,"Ghostbusters, PedagooFriday shout out",,15,5,2,,,
mrwilsonbisb,ZZ_pedagoo_091014_2,2,"Ghostbusters, PedagooFriday shout out",,15,5,2,,,
KerryPulleyn,ZZ_pedagoo_091014_2,2,"Ghostbusters, PedagooFriday shout out",,15,5,2,,,
CristaHazell,ZZ_pedagoo_091014_2,2,"Ghostbusters, PedagooFriday shout out",,15,5,2,,,
EducationUKTD,ZZ_pedagoo_091014_2,2,"Ghostbusters, PedagooFriday shout out",,15,5,2,,,
rlj1981,ZZ_pedagoo_091014_2,2,"Ghostbusters, PedagooFriday shout out",,15,5,2,,,
MissKMcD,ZZ_pedagoo_091014_2,2,"Ghostbusters, PedagooFriday shout out",,15,5,2,,,
SeahamRE,ZZ_pedagoo_091014_2,2,"Ghostbusters, PedagooFriday shout out",,15,5,2,,,
LeckieandLeckie,ZZ_pedagoo_091014_2,1,"Ghostbusters, PedagooFriday shout out",,15,5,2,,,
SusanJPike,ZZ_pedagoo_091014_2,1,"Ghostbusters, PedagooFriday shout out",,15,5,2,,,
Westylish,ZZ_pedagoo_091014_2,1,"Ghostbusters, PedagooFriday shout out",,15,5,2,,,
Design_IK,ZZ_pedagoo_091014_2,1,"Ghostbusters, PedagooFriday shout out",,15,5,2,,,
Jobaker9,ZZ_Jobaker9_091014_1,8,student's art work,https://pbs.twimg.com/media/Bzj_CP1IUAI8mKs.jpg,5,15,4,,,
KerryPulleyn,ZZ_Jobaker9_091014_1,4,student's art work,,5,15,4,,,
dan_brinton,ZZ_Jobaker9_091014_1,4,student's art work,,5,15,4,,,
Sue_Cowley,ZZ_Jobaker9_091014_1,4,student's art work,,5,15,4,,,
MohammedSidat,ZZ_Jobaker9_091014_1,4,student's art work,,5,15,4,,,
warwithnormal,ZZ_Jobaker9_091014_1,2,student's art work,,5,15,4,,,
EducationUKTD,ZZ_Jobaker9_091014_1,2,student's art work,,5,15,4,,,
pedagoo,ZZ_Jobaker9_091014_1,2,student's art work,,5,15,4,,,
davidfawcett27,ZZ_Jobaker9_091014_1,2,student's art work,,5,15,4,,,
KerryPulleyn,ZZ_Jobaker9_091014_1,2,student's art work,,5,15,4,,,
r_aylwin,ZZ_Jobaker9_091014_1,1,student's art work,,5,15,4,,,
brendak80,ZZ_Jobaker9_091014_1,1,student's art work,,5,15,4,,,
warwithnormal,ZZ_Jobaker9_091014_1,1,student's art work,,5,15,4,,,
Westylish,ZZ_Jobaker9_091014_1,1,student's art work,,5,15,4,,,
PrimaryEnglish,ZZ_Jobaker9_091014_1,1,student's art work,,5,15,4,,,
thisismyfot,ZZ_Jobaker9_091014_1,1,student's art work,,5,15,4,,,
Sue_Cowley,ZZ_Jobaker9_091014_1,1,student's art work,,5,15,4,,,
KerryPulleyn,ZZ_Jobaker9_091014_1,1,student's art work,,5,15,4,,,
MissDCox,ZZ_MissDCox_091014_1,8,What would Jesus do? Group work on cheap magnetic whiteboard,https://pbs.twimg.com/media/BzkC6KOCQAAbUEC.jpg,2,2,2,,,
Mr_Betts,ZZ_MissDCox_091014_1,4,What would Jesus do? Group work on cheap magnetic whiteboard,,2,2,2,,,
MohammedSidat,ZZ_MissDCox_091014_1,4,What would Jesus do? Group work on cheap magnetic whiteboard,,2,2,2,,,
pedagoo,ZZ_MissDCox_091014_1,2,What would Jesus do? Group work on cheap magnetic whiteboard,,2,2,2,,,
wendy21brown,ZZ_MissDCox_091014_1,2,What would Jesus do? Group work on cheap magnetic whiteboard,,2,2,2,,,
ailis_t,ZZ_MissDCox_091014_1,1,What would Jesus do? Group work on cheap magnetic whiteboard,,2,2,2,,,
ramtopsgrum,ZZ_MissDCox_091014_1,1,What would Jesus do? Group work on cheap magnetic whiteboard,,2,2,2,,,
mollyrose54,ZZ_mollyrose54_091014_1,8,students' work - plasticine and string-type model of psych model,https://pbs.twimg.com/media/BzkIhI8IAAAAL6M.jpg,2,4,1,,,
MohammedSidat,ZZ_mollyrose54_091014_1,4,students' work - plasticine and string-type model of psych model,,2,4,1,,,
MohammedSidat,ZZ_mollyrose54_091014_1,2,students' work - plasticine and string-type model of psych model,,2,4,1,,,
pedagoo,ZZ_mollyrose54_091014_1,2,students' work - plasticine and string-type model of psych model,,2,4,1,,,
miss_stoten,ZZ_mollyrose54_091014_1,1,students' work - plasticine and string-type model of psych model,,2,4,1,,,
Westylish,ZZ_mollyrose54_091014_1,1,students' work - plasticine and string-type model of psych model,,2,4,1,,,
busybteach,ZZ_mollyrose54_091014_1,1,students' work - plasticine and string-type model of psych model,,2,4,1,,,
juliesherratt,ZZ_mollyrose54_091014_1,1,students' work - plasticine and string-type model of psych model,,2,4,1,,,
hawkins_joyce,ZZ_hawkins_joyce_091014_2,8,beautiful seaside views (location of primary school outing above),https://pbs.twimg.com/media/BzkSpDaIEAAEY1Z.jpg,0,1,0,,,
HelenMcKinven,ZZ_hawkins_joyce_091014_2,1,beautiful seaside views (location of primary school outing above),,0,1,0,,,
pedagoo,ZZ_pedagoo_101014_1,8,young Michael J Fox,https://pbs.twimg.com/media/BzkyGXxIQAAEA6m.jpg,4,2,2,,,
FatBlokeThins,ZZ_pedagoo_101014_1,4,young Michael J Fox,,4,2,2,,,
obsidianbovril,ZZ_pedagoo_101014_1,4,young Michael J Fox,,4,2,2,,,
garden4u_wa,ZZ_pedagoo_101014_1,2,young Michael J Fox,,4,2,2,,,
LeckieandLeckie,ZZ_pedagoo_101014_1,2,young Michael J Fox,,4,2,2,,,
FatBlokeThins,ZZ_pedagoo_101014_1,2,young Michael J Fox,,4,2,2,,,
SeahamRE,ZZ_pedagoo_101014_1,2,young Michael J Fox,,4,2,2,,,
LeckieandLeckie,ZZ_pedagoo_101014_1,1,young Michael J Fox,,4,2,2,,,
SeahamRE,ZZ_pedagoo_101014_1,1,young Michael J Fox,,4,2,2,,,
AimeeCasson,ZZ_AimeeCasson_101014_1,8,corridor reading display (Usual Suspects),https://pbs.twimg.com/media/BzlAWwoCIAAJjE_.jpg,13,27,10,7,22,7
LauraLolder,ZZ_AimeeCasson_101014_1,4,corridor reading display (Usual Suspects),,13,27,10,,,
FKRitson,ZZ_AimeeCasson_101014_1,4,corridor reading display (Usual Suspects),,13,27,10,,,
GROWKS3,ZZ_AimeeCasson_101014_1,4,corridor reading display (Usual Suspects),,13,27,10,,,
lindsayjskinner,ZZ_AimeeCasson_101014_1,4,corridor reading display (Usual Suspects),,13,27,10,,,
ChrisMoyse,ZZ_AimeeCasson_101014_1,4,corridor reading display (Usual Suspects),,13,27,10,,,
CreativeNorton,ZZ_AimeeCasson_101014_1,4,corridor reading display (Usual Suspects),,13,27,10,,,
KerryPulleyn,ZZ_AimeeCasson_101014_1,4,corridor reading display (Usual Suspects),,13,27,10,,,
GROWKS3,ZZ_AimeeCasson_101014_1,4 via LauraLolder,corridor reading display (Usual Suspects),,13,27,10,,,
rachelk1990,ZZ_AimeeCasson_101014_1,2,corridor reading display (Usual Suspects),,13,27,10,,,
scjmcd,ZZ_AimeeCasson_101014_1,2,corridor reading display (Usual Suspects),,13,27,10,,,
MissHannahHist,ZZ_AimeeCasson_101014_1,2,corridor reading display (Usual Suspects),,13,27,10,,,
HeadofEnglish,ZZ_AimeeCasson_101014_1,2,corridor reading display (Usual Suspects),,13,27,10,,,
FKRitson,ZZ_AimeeCasson_101014_1,2,corridor reading display (Usual Suspects),,13,27,10,,,
Miss_Humphries,ZZ_AimeeCasson_101014_1,2,corridor reading display (Usual Suspects),,13,27,10,,,
teachpink,ZZ_AimeeCasson_101014_1,2,corridor reading display (Usual Suspects),,13,27,10,,,
MrDoverCCC,ZZ_AimeeCasson_101014_1,2,corridor reading display (Usual Suspects),,13,27,10,,,
LauraLolder,ZZ_AimeeCasson_101014_1,2,corridor reading display (Usual Suspects),,13,27,10,5,3,1
julie_allis,ZZ_AimeeCasson_101014_1,2 via LauraLolder,corridor reading display (Usual Suspects),,13,27,10,,,
MWebster2007,ZZ_AimeeCasson_101014_1,2 via LauraLolder,corridor reading display (Usual Suspects),,13,27,10,,,
BCpowerwriting,ZZ_AimeeCasson_101014_1,2 via LauraLolder,corridor reading display (Usual Suspects),,13,27,10,,,
jj__loves__jj,ZZ_AimeeCasson_101014_1,2 via LauraLolder,corridor reading display (Usual Suspects),,13,27,10,,,
jkfairclough,ZZ_AimeeCasson_101014_1,2 via LauraLolder,corridor reading display (Usual Suspects),,13,27,10,,,
fraserboyd,ZZ_AimeeCasson_101014_1,1,corridor reading display (Usual Suspects),,13,27,10,,,
Louiseema77,ZZ_AimeeCasson_101014_1,1,corridor reading display (Usual Suspects),,13,27,10,,,
EddieKayshun,ZZ_AimeeCasson_101014_1,1,corridor reading display (Usual Suspects),,13,27,10,,,
morganmfl,ZZ_AimeeCasson_101014_1,1,corridor reading display (Usual Suspects),,13,27,10,,,
scjmcd,ZZ_AimeeCasson_101014_1,1,corridor reading display (Usual Suspects),,13,27,10,,,
worbster,ZZ_AimeeCasson_101014_1,1,corridor reading display (Usual Suspects),,13,27,10,,,
Miss_Humphries,ZZ_AimeeCasson_101014_1,1,corridor reading display (Usual Suspects),,13,27,10,,,
millymx5,ZZ_AimeeCasson_101014_1,1,corridor reading display (Usual Suspects),,13,27,10,,,
St__Benedicts,ZZ_AimeeCasson_101014_1,1,corridor reading display (Usual Suspects),,13,27,10,,,
lindsayjskinner,ZZ_AimeeCasson_101014_1,1,corridor reading display (Usual Suspects),,13,27,10,,,
Chazat72,ZZ_AimeeCasson_101014_1,1,corridor reading display (Usual Suspects),,13,27,10,,,
louisejbailey,ZZ_AimeeCasson_101014_1,1,corridor reading display (Usual Suspects),,13,27,10,,,
obsidianbovril,ZZ_AimeeCasson_101014_1,1,corridor reading display (Usual Suspects),,13,27,10,,,
SeahamRE,ZZ_AimeeCasson_101014_1,1,corridor reading display (Usual Suspects),,13,27,10,,,
KateKelly20,ZZ_AimeeCasson_101014_1,1,corridor reading display (Usual Suspects),,13,27,10,,,
HeadofEnglish,ZZ_AimeeCasson_101014_1,1,corridor reading display (Usual Suspects),,13,27,10,,,
ExtremeEducator,ZZ_AimeeCasson_101014_1,1,corridor reading display (Usual Suspects),,13,27,10,,,
ASTsupportAAli,ZZ_AimeeCasson_101014_1,1,corridor reading display (Usual Suspects),,13,27,10,,,
FKRitson,ZZ_AimeeCasson_101014_1,1,corridor reading display (Usual Suspects),,13,27,10,,,
cvhsTandL,ZZ_AimeeCasson_101014_1,1,corridor reading display (Usual Suspects),,13,27,10,,,
TollgateSchEbn,ZZ_AimeeCasson_101014_1,1 via LauraLolder,corridor reading display (Usual Suspects),,13,27,10,,,
pedagog_go,ZZ_AimeeCasson_101014_1,1 via LauraLolder,corridor reading display (Usual Suspects),,13,27,10,,,
julie_allis,ZZ_AimeeCasson_101014_1,1 via LauraLolder,corridor reading display (Usual Suspects),,13,27,10,,,
lindsayjskinner,ZZ_lindsayjskinner_101014_1,8,"corridor reading display as above, but without acknowledging origin and with changed text",https://pbs.twimg.com/media/BzlAWwoCIAAJjE_.jpg,1,2,2,,,
ChrisMoyse,ZZ_lindsayjskinner_101014_1,4,"corridor reading display as above, but without acknowledging origin and with changed text",,1,2,2,,,
AimeeCasson,ZZ_lindsayjskinner_101014_1,4,"corridor reading display as above, but without acknowledging origin and with changed text",,1,2,2,,,
Grimley517,ZZ_lindsayjskinner_101014_1,2,"corridor reading display as above, but without acknowledging origin and with changed text",,1,2,2,,,
LaurenMarsland,ZZ_lindsayjskinner_101014_1,1,"corridor reading display as above, but without acknowledging origin and with changed text",,1,2,2,,,
AimeeCasson,ZZ_lindsayjskinner_101014_1,1,"corridor reading display as above, but without acknowledging origin and with changed text",,1,2,2,,,
fkelly,ZZ_fkelly_101014_1,8,students in classroom,https://pbs.twimg.com/media/BzlIaXYIUAAPqou.jpg,1,2,0,,,
pedagoo,ZZ_fkelly_101014_1,2,students in classroom,,1,2,0,,,
MissJ0nes,ZZ_fkelly_101014_1,1,students in classroom,,1,2,0,,,
SeahamRE,ZZ_fkelly_101014_1,1,students in classroom,,1,2,0,,,
activehistory,ZZ_activehistory_101014_1,8,students interacting with resources,https://pbs.twimg.com/media/BzlM47QCEAEvxfT.jpg,4,2,1,,,
Matt_Slenderman,ZZ_activehistory_101014_1,4,students interacting with resources,,4,2,1,,,
teknikpedagog,ZZ_activehistory_101014_1,2,students interacting with resources,,4,2,1,,,
pedagoo,ZZ_activehistory_101014_1,2,students interacting with resources,,4,2,1,,,
AliceElwell,ZZ_activehistory_101014_1,2,students interacting with resources,,4,2,1,,,
activehistory,ZZ_activehistory_101014_1,1,students interacting with resources,,4,2,1,,,
kirstyiris,ZZ_activehistory_101014_1,1,students interacting with resources,,4,2,1,,,
mrlockyer,ZZ_mrlockyer_101014_1,8,post-it 'scrabble display board' (conjugations),https://pbs.twimg.com/media/BzlSXCeIgAA3h6s.jpg,20,31,7,,,
ThisIsLiamM,ZZ_mrlockyer_101014_1,4,post-it 'scrabble display board' (conjugations),,20,31,7,,,
LeedsArtTeacher,ZZ_mrlockyer_101014_1,4,post-it 'scrabble display board' (conjugations),,20,31,7,,,
Jobaker9,ZZ_mrlockyer_101014_1,4,post-it 'scrabble display board' (conjugations),,20,31,7,,,
team_CLPR,ZZ_mrlockyer_101014_1,4,post-it 'scrabble display board' (conjugations),,20,31,7,,,
TrulyMands,ZZ_mrlockyer_101014_1,4,post-it 'scrabble display board' (conjugations),,20,31,7,,,
Jade_thomas2011,ZZ_mrlockyer_101014_1,4,post-it 'scrabble display board' (conjugations),,20,31,7,,,
MrsMcVRob,ZZ_mrlockyer_101014_1,4,post-it 'scrabble display board' (conjugations),,20,31,7,,,
SarahBazzer,ZZ_mrlockyer_101014_1,2,post-it 'scrabble display board' (conjugations),,20,31,7,,,
MrDavies_Leap,ZZ_mrlockyer_101014_1,2,post-it 'scrabble display board' (conjugations),,20,31,7,,,
aly_sea,ZZ_mrlockyer_101014_1,2,post-it 'scrabble display board' (conjugations),,20,31,7,,,
HeadofEnglish,ZZ_mrlockyer_101014_1,2,post-it 'scrabble display board' (conjugations),,20,31,7,,,
ashmead_teresa,ZZ_mrlockyer_101014_1,2,post-it 'scrabble display board' (conjugations),,20,31,7,,,
RobertsNiomi,ZZ_mrlockyer_101014_1,2,post-it 'scrabble display board' (conjugations),,20,31,7,,,
LornaWalter,ZZ_mrlockyer_101014_1,2,post-it 'scrabble display board' (conjugations),,20,31,7,,,
NoticeboardsUK,ZZ_mrlockyer_101014_1,2,post-it 'scrabble display board' (conjugations),,20,31,7,,,
Sargang,ZZ_mrlockyer_101014_1,2,post-it 'scrabble display board' (conjugations),,20,31,7,,,
FKRitson,ZZ_mrlockyer_101014_1,2,post-it 'scrabble display board' (conjugations),,20,31,7,,,
EOSSEN,ZZ_mrlockyer_101014_1,2,post-it 'scrabble display board' (conjugations),,20,31,7,,,
jo_bk,ZZ_mrlockyer_101014_1,2,post-it 'scrabble display board' (conjugations),,20,31,7,,,
Jobaker9,ZZ_mrlockyer_101014_1,2,post-it 'scrabble display board' (conjugations),,20,31,7,,,
TeacherToolkit,ZZ_mrlockyer_101014_1,2,post-it 'scrabble display board' (conjugations),,20,31,7,,,
wendy21brown,ZZ_mrlockyer_101014_1,2,post-it 'scrabble display board' (conjugations),,20,31,7,,,
warwithnormal,ZZ_mrlockyer_101014_1,2,post-it 'scrabble display board' (conjugations),,20,31,7,,,
ukedchat,ZZ_mrlockyer_101014_1,2,post-it 'scrabble display board' (conjugations),,20,31,7,,,
pedagoo,ZZ_mrlockyer_101014_1,2,post-it 'scrabble display board' (conjugations),,20,31,7,,,
team_CLPR,ZZ_mrlockyer_101014_1,2,post-it 'scrabble display board' (conjugations),,20,31,7,,,
historyamy,ZZ_mrlockyer_101014_1,1,post-it 'scrabble display board' (conjugations),,20,31,7,,,
aly_sea,ZZ_mrlockyer_101014_1,1,post-it 'scrabble display board' (conjugations),,20,31,7,,,
HeadofEnglish,ZZ_mrlockyer_101014_1,1,post-it 'scrabble display board' (conjugations),,20,31,7,,,
MrHilltoutPE,ZZ_mrlockyer_101014_1,1,post-it 'scrabble display board' (conjugations),,20,31,7,,,
Fizzbuck,ZZ_mrlockyer_101014_1,1,post-it 'scrabble display board' (conjugations),,20,31,7,,,
AlfredThumser,ZZ_mrlockyer_101014_1,1,post-it 'scrabble display board' (conjugations),,20,31,7,,,
mflstoke,ZZ_mrlockyer_101014_1,1,post-it 'scrabble display board' (conjugations),,20,31,7,,,
DearneKDowling,ZZ_mrlockyer_101014_1,1,post-it 'scrabble display board' (conjugations),,20,31,7,,,
RobertsNiomi,ZZ_mrlockyer_101014_1,1,post-it 'scrabble display board' (conjugations),,20,31,7,,,
artysu1,ZZ_mrlockyer_101014_1,1,post-it 'scrabble display board' (conjugations),,20,31,7,,,
egalr,ZZ_mrlockyer_101014_1,1,post-it 'scrabble display board' (conjugations),,20,31,7,,,
rondelle10_b,ZZ_mrlockyer_101014_1,1,post-it 'scrabble display board' (conjugations),,20,31,7,,,
Gwenelope,ZZ_mrlockyer_101014_1,1,post-it 'scrabble display board' (conjugations),,20,31,7,,,
fionamcraig,ZZ_mrlockyer_101014_1,1,post-it 'scrabble display board' (conjugations),,20,31,7,,,
teachnbeclassy,ZZ_mrlockyer_101014_1,1,post-it 'scrabble display board' (conjugations),,20,31,7,,,
eduemum,ZZ_mrlockyer_101014_1,1,post-it 'scrabble display board' (conjugations),,20,31,7,,,
Jobaker9,ZZ_mrlockyer_101014_1,1,post-it 'scrabble display board' (conjugations),,20,31,7,,,
MissMeeks14,ZZ_mrlockyer_101014_1,1,post-it 'scrabble display board' (conjugations),,20,31,7,,,
BSekha1,ZZ_mrlockyer_101014_1,1,post-it 'scrabble display board' (conjugations),,20,31,7,,,
MrWheeldon1,ZZ_mrlockyer_101014_1,1,post-it 'scrabble display board' (conjugations),,20,31,7,,,
warwithnormal,ZZ_mrlockyer_101014_1,1,post-it 'scrabble display board' (conjugations),,20,31,7,,,
LambournSchool,ZZ_mrlockyer_101014_1,1,post-it 'scrabble display board' (conjugations),,20,31,7,,,
eylanezekiel,ZZ_mrlockyer_101014_1,1,post-it 'scrabble display board' (conjugations),,20,31,7,,,
acarmichael55,ZZ_mrlockyer_101014_1,1,post-it 'scrabble display board' (conjugations),,20,31,7,,,
pedagoo,ZZ_pedagoo_101014_2,8,Indiana Jones pedagoo shout out,https://pbs.twimg.com/media/BzlUdGKIUAA5ytO.jpg,4,0,0,,,
t_hawk1ns,ZZ_pedagoo_101014_2,2,Indiana Jones pedagoo shout out,,4,0,0,,,
NotleyCPD,ZZ_pedagoo_101014_2,2,Indiana Jones pedagoo shout out,,4,0,0,,,
hrogerson,ZZ_pedagoo_101014_2,2,Indiana Jones pedagoo shout out,,4,0,0,,,
SeahamRE,ZZ_pedagoo_101014_2,2,Indiana Jones pedagoo shout out,,4,0,0,,,
MrsKirstBarrett,ZZ_MrsKirstBarrett_101014_1,8,positive feedback wordcloud,https://pbs.twimg.com/media/Bzlb08yIEAE4Sgd.jpg,7,4,0,,,
mrscstevenson,ZZ_MrsKirstBarrett_101014_1,2,positive feedback wordcloud,,7,4,0,,,
LeonHunterSL,ZZ_MrsKirstBarrett_101014_1,2,positive feedback wordcloud,,7,4,0,,,
DiLeed,ZZ_MrsKirstBarrett_101014_1,2,positive feedback wordcloud,,7,4,0,,,
ktlangspec,ZZ_MrsKirstBarrett_101014_1,2,positive feedback wordcloud,,7,4,0,,,
EALGlasgow,ZZ_MrsKirstBarrett_101014_1,2,positive feedback wordcloud,,7,4,0,,,
MissJ0nes,ZZ_MrsKirstBarrett_101014_1,2,positive feedback wordcloud,,7,4,0,,,
pedagoo,ZZ_MrsKirstBarrett_101014_1,2,positive feedback wordcloud,,7,4,0,,,
mrscstevenson,ZZ_MrsKirstBarrett_101014_1,1,positive feedback wordcloud,,7,4,0,,,
LeonHunterSL,ZZ_MrsKirstBarrett_101014_1,1,positive feedback wordcloud,,7,4,0,,,
DiLeed,ZZ_MrsKirstBarrett_101014_1,1,positive feedback wordcloud,,7,4,0,,,
MissJ0nes,ZZ_MrsKirstBarrett_101014_1,1,positive feedback wordcloud,,7,4,0,,,
mrsartytextiles,ZZ_mrsartytextiles_101014_1,8,students' artwork,https://pbs.twimg.com/media/BzlqIkoIMAARdto.jpg,1,0,0,,,
pedagoo,ZZ_mrsartytextiles_101014_1,2,students' artwork,,1,0,0,,,
mrsartytextiles,ZZ_mrsartytextiles_101014_2,8,students' artwork,https://pbs.twimg.com/media/BzlyOd7CUAA0U_8.jpg,0,0,0,,,
SparkyTeaching,ZZ_SparkyTeaching_101014_1,8,sparky door hangers,https://pbs.twimg.com/media/BziWIwFIUAAg5L4.jpg,4,2,0,,,
teacherdennis,ZZ_SparkyTeaching_101014_1,2,sparky door hangers,,4,2,0,,,
wallythebus,ZZ_SparkyTeaching_101014_1,2,sparky door hangers,,4,2,0,,,
paulyb37,ZZ_SparkyTeaching_101014_1,2,sparky door hangers,,4,2,0,,,
Miss_TNS,ZZ_SparkyTeaching_101014_1,2,sparky door hangers,,4,2,0,,,
Rob_A_Moore,ZZ_SparkyTeaching_101014_1,1,sparky door hangers,,4,2,0,,,
teacherdennis,ZZ_SparkyTeaching_101014_1,1,sparky door hangers,,4,2,0,,,
pedagoo,ZZ_pedagoo_101014_3,8,still from Die hard,https://pbs.twimg.com/media/Bzl27wZCMAA_k8_.jpg,1,1,0,,,
SeahamRE,ZZ_pedagoo_101014_3,2,still from Die hard,,1,1,0,,,
SchPrehistory,ZZ_pedagoo_101014_3,1,still from Die hard,,1,1,0,,,
LexyLindner,ZZ_LexyLindner_101014_1,8,hands of student holding DNA model made out of jelly babies,https://pbs.twimg.com/media/Bzl-kb3CcAAYDhb.jpg,1,1,0,,,
LouiseMaule1,ZZ_LexyLindner_101014_1,2,hands of student holding DNA model made out of jelly babies,,1,1,0,,,
SeahamRE,ZZ_LexyLindner_101014_1,1,hands of student holding DNA model made out of jelly babies,,1,1,0,,,
MrScotlandTeach,ZZ_MrScotlandTeach_101014_1,8,kids' work (function machine),https://pbs.twimg.com/media/BzmBb9sIAAESYcm.jpg,2,8,0,,,
IanStuart66,ZZ_MrScotlandTeach_101014_1,2,kids' work (function machine),,2,8,0,,,
MissJ0nes,ZZ_MrScotlandTeach_101014_1,2,kids' work (function machine),,2,8,0,,,
Joe_Moretti,ZZ_MrScotlandTeach_101014_1,1,kids' work (function machine),,2,8,0,,,
stjosephspsP5,ZZ_MrScotlandTeach_101014_1,1,kids' work (function machine),,2,8,0,,,
mrwpsych,ZZ_MrScotlandTeach_101014_1,1,kids' work (function machine),,2,8,0,,,
davidmcnulty,ZZ_MrScotlandTeach_101014_1,1,kids' work (function machine),,2,8,0,,,
SeahamRE,ZZ_MrScotlandTeach_101014_1,1,kids' work (function machine),,2,8,0,,,
JarrowComputing,ZZ_MrScotlandTeach_101014_1,1,kids' work (function machine),,2,8,0,,,
MissJ0nes,ZZ_MrScotlandTeach_101014_1,1,kids' work (function machine),,2,8,0,,,
ewenfields,ZZ_MrScotlandTeach_101014_1,1,kids' work (function machine),,2,8,0,,,
TorTeaches,ZZ_TorTeaches_101014_1,8,conjunction cars for teaching compound sentences,https://pbs.twimg.com/media/BzmCGoFIEAEzHpY.jpg,3,2,0,,,
Miss_Chad,ZZ_TorTeaches_101014_1,2,conjunction cars for teaching compound sentences,,3,2,0,,,
BCpowerwriting,ZZ_TorTeaches_101014_1,2,conjunction cars for teaching compound sentences,,3,2,0,,,
cazzwebbo,ZZ_TorTeaches_101014_1,2,conjunction cars for teaching compound sentences,,3,2,0,,,
ASTsupportAAli,ZZ_TorTeaches_101014_1,1,conjunction cars for teaching compound sentences,,3,2,0,,,
cazzwebbo,ZZ_TorTeaches_101014_1,1,conjunction cars for teaching compound sentences,,3,2,0,,,
teacherTonytips,ZZ_teacherTonytips_101014_1,8,growth mindset sign for classroom door,https://pbs.twimg.com/media/BzmFR5aCUAAKPor.jpg,130,152,17,113,117,15
MrRileyjo,ZZ_teacherTonytips_101014_1,4,growth mindset sign for classroom door,,130,152,17,,,
wouldbeteacher,ZZ_teacherTonytips_101014_1,4,growth mindset sign for classroom door,,130,152,17,,,
andree_frieze,ZZ_teacherTonytips_101014_1,4,growth mindset sign for classroom door,,130,152,17,,,
MissKMcD,ZZ_teacherTonytips_101014_1,4,growth mindset sign for classroom door,,130,152,17,,,
Headnewmanrc,ZZ_teacherTonytips_101014_1,4,growth mindset sign for classroom door,,130,152,17,,,
SLT_Kat,ZZ_teacherTonytips_101014_1,4,growth mindset sign for classroom door,,130,152,17,,,
redgierob,ZZ_teacherTonytips_101014_1,4,growth mindset sign for classroom door,,130,152,17,,,
1tessscience,ZZ_teacherTonytips_101014_1,4,growth mindset sign for classroom door,,130,152,17,,,
TESSPrincipal,ZZ_teacherTonytips_101014_1,4,growth mindset sign for classroom door,,130,152,17,,,
MrVigliotti,ZZ_teacherTonytips_101014_1,4,growth mindset sign for classroom door,,130,152,17,,,
KordaKovar,ZZ_teacherTonytips_101014_1,4,growth mindset sign for classroom door,,130,152,17,,,
robert_kalman,ZZ_teacherTonytips_101014_1,4,growth mindset sign for classroom door,,130,152,17,,,
Hodders129,ZZ_teacherTonytips_101014_1,4,growth mindset sign for classroom door,,130,152,17,,,
SadsSh,ZZ_teacherTonytips_101014_1,4,growth mindset sign for classroom door,,130,152,17,,,
Essieburton,ZZ_teacherTonytips_101014_1,4,growth mindset sign for classroom door,,130,152,17,provided teachers do the same,,
redgierob,ZZ_teacherTonytips_101014_1,4 via SLT_Kat,growth mindset sign for classroom door,,130,152,17,,,
TESSPrincipal,ZZ_teacherTonytips_101014_1,4 via 1tesss4ien4e,growth mindset sign for classroom door,,130,152,17,,,
MrsL_vicciroad,ZZ_teacherTonytips_101014_1,2,growth mindset sign for classroom door,,130,152,17,,,
DartonCreative,ZZ_teacherTonytips_101014_1,2,growth mindset sign for classroom door,,130,152,17,,,
MrTCoe,ZZ_teacherTonytips_101014_1,2,growth mindset sign for classroom door,,130,152,17,,,
CyclinScience,ZZ_teacherTonytips_101014_1,2,growth mindset sign for classroom door,,130,152,17,,,
TomCoe93,ZZ_teacherTonytips_101014_1,2,growth mindset sign for classroom door,,130,152,17,,,
SadsSh,ZZ_teacherTonytips_101014_1,2,growth mindset sign for classroom door,,130,152,17,,,
Hodders129,ZZ_teacherTonytips_101014_1,2,growth mindset sign for classroom door,,130,152,17,,,
TristessaMoore,ZZ_teacherTonytips_101014_1,2,growth mindset sign for classroom door,,130,152,17,,,
stevewillshaw,ZZ_teacherTonytips_101014_1,2,growth mindset sign for classroom door,,130,152,17,,,
MrHughesx,ZZ_teacherTonytips_101014_1,2,growth mindset sign for classroom door,,130,152,17,,,
TYAYoungActors,ZZ_teacherTonytips_101014_1,2,growth mindset sign for classroom door,,130,152,17,,,
Pulzlad19,ZZ_teacherTonytips_101014_1,2,growth mindset sign for classroom door,,130,152,17,,,
N_Harrington2,ZZ_teacherTonytips_101014_1,2,growth mindset sign for classroom door,,130,152,17,,,
rockinrams,ZZ_teacherTonytips_101014_1,2,growth mindset sign for classroom door,,130,152,17,,,
lajRCSCAO,ZZ_teacherTonytips_101014_1,2,growth mindset sign for classroom door,,130,152,17,,,
PrincipalStager,ZZ_teacherTonytips_101014_1,2,growth mindset sign for classroom door,,130,152,17,,,
MrGWallCymraeg,ZZ_teacherTonytips_101014_1,2,growth mindset sign for classroom door,,130,152,17,,,
TxellTxell77,ZZ_teacherTonytips_101014_1,2,growth mindset sign for classroom door,,130,152,17,,,
AndrewClowes,ZZ_teacherTonytips_101014_1,2,growth mindset sign for classroom door,,130,152,17,,,
GavHosEdu,ZZ_teacherTonytips_101014_1,2,growth mindset sign for classroom door,,130,152,17,,,
CristaHazell,ZZ_teacherTonytips_101014_1,2,growth mindset sign for classroom door,,130,152,17,,,
Shanienash,ZZ_teacherTonytips_101014_1,2,growth mindset sign for classroom door,,130,152,17,,,
JJ_Raines,ZZ_teacherTonytips_101014_1,2,growth mindset sign for classroom door,,130,152,17,,,
saranadamovich,ZZ_teacherTonytips_101014_1,2,growth mindset sign for classroom door,,130,152,17,,,
LiteracyMission,ZZ_teacherTonytips_101014_1,2,growth mindset sign for classroom door,,130,152,17,,,
urban_teacher,ZZ_teacherTonytips_101014_1,2,growth mindset sign for classroom door,,130,152,17,8,17,0
SuzanneCulshaw,ZZ_teacherTonytips_101014_1,2,growth mindset sign for classroom door,,130,152,17,,,
Themeefy,ZZ_teacherTonytips_101014_1,2,growth mindset sign for classroom door,,130,152,17,1,0,0
MissKMcD,ZZ_teacherTonytips_101014_1,2,growth mindset sign for classroom door,,130,152,17,3,5,0
SLT_Kat,ZZ_teacherTonytips_101014_1,2,growth mindset sign for classroom door,,130,152,17,2,8,1
1tessscience,ZZ_teacherTonytips_101014_1,2,growth mindset sign for classroom door,,130,152,17,1,1,1
KilmorieSchool,ZZ_teacherTonytips_101014_1,2 via urban_tea4her,growth mindset sign for classroom door,,130,152,17,,,
Nanbaxx,ZZ_teacherTonytips_101014_1,2 via urban_tea4her,growth mindset sign for classroom door,,130,152,17,,,
kara_00_us,ZZ_teacherTonytips_101014_1,2 via urban_tea4her,growth mindset sign for classroom door,,130,152,17,,,
kschomaker,ZZ_teacherTonytips_101014_1,2 via urban_tea4her,growth mindset sign for classroom door,,130,152,17,,,
PalmyTeacher,ZZ_teacherTonytips_101014_1,2 via urban_tea4her,growth mindset sign for classroom door,,130,152,17,,,
angpotts,ZZ_teacherTonytips_101014_1,2 via urban_tea4her,growth mindset sign for classroom door,,130,152,17,,,
PaulRBDC,ZZ_teacherTonytips_101014_1,2 via urban_tea4her,growth mindset sign for classroom door,,130,152,17,,,
NewmanSciADoL,ZZ_teacherTonytips_101014_1,2 via urban_tea4her,growth mindset sign for classroom door,,130,152,17,,,
Sami_LW,ZZ_teacherTonytips_101014_1,2 via Themee1y,growth mindset sign for classroom door,,130,152,17,,,
SmilesStephi,ZZ_teacherTonytips_101014_1,2 via MissKM4D,growth mindset sign for classroom door,,130,152,17,,,
rondelle10_b,ZZ_teacherTonytips_101014_1,2 via MissKM4D,growth mindset sign for classroom door,,130,152,17,,,
MohammedSidat,ZZ_teacherTonytips_101014_1,2 via MissKM4D,growth mindset sign for classroom door,,130,152,17,,,
LauraHadlington,ZZ_teacherTonytips_101014_1,2 via SLT_Kat,growth mindset sign for classroom door,,130,152,17,,,
TrulyMands,ZZ_teacherTonytips_101014_1,2 via SLT_Kat,growth mindset sign for classroom door,,130,152,17,,,
TESSPrincipal,ZZ_teacherTonytips_101014_1,2 via 1tesss4ien4e,growth mindset sign for classroom door,,130,152,17,,,
LeonieABriggs,ZZ_teacherTonytips_101014_1,1,growth mindset sign for classroom door,,130,152,17,,,
patrickn_d,ZZ_teacherTonytips_101014_1,1,growth mindset sign for classroom door,,130,152,17,,,
whatonomy,ZZ_teacherTonytips_101014_1,1,growth mindset sign for classroom door,,130,152,17,,,
DenrooneyDenise,ZZ_teacherTonytips_101014_1,1,growth mindset sign for classroom door,,130,152,17,,,
jo_mrs,ZZ_teacherTonytips_101014_1,1,growth mindset sign for classroom door,,130,152,17,,,
HeadofEnglish,ZZ_teacherTonytips_101014_1,1,growth mindset sign for classroom door,,130,152,17,,,
jennifer_burdis,ZZ_teacherTonytips_101014_1,1,growth mindset sign for classroom door,,130,152,17,,,
liz_clothier,ZZ_teacherTonytips_101014_1,1,growth mindset sign for classroom door,,130,152,17,,,
Hodders129,ZZ_teacherTonytips_101014_1,1,growth mindset sign for classroom door,,130,152,17,,,
PeteJackson32,ZZ_teacherTonytips_101014_1,1,growth mindset sign for classroom door,,130,152,17,,,
PhilipEdmundson,ZZ_teacherTonytips_101014_1,1,growth mindset sign for classroom door,,130,152,17,,,
StudioKnutsford,ZZ_teacherTonytips_101014_1,1,growth mindset sign for classroom door,,130,152,17,,,
vickers_m,ZZ_teacherTonytips_101014_1,1,growth mindset sign for classroom door,,130,152,17,,,
pecanyounot_,ZZ_teacherTonytips_101014_1,1,growth mindset sign for classroom door,,130,152,17,,,
robert_kalman,ZZ_teacherTonytips_101014_1,1,growth mindset sign for classroom door,,130,152,17,,,
MrGWallCymraeg,ZZ_teacherTonytips_101014_1,1,growth mindset sign for classroom door,,130,152,17,,,
TxellTxell77,ZZ_teacherTonytips_101014_1,1,growth mindset sign for classroom door,,130,152,17,,,
myccshells,ZZ_teacherTonytips_101014_1,1,growth mindset sign for classroom door,,130,152,17,,,
Cole_man2000,ZZ_teacherTonytips_101014_1,1,growth mindset sign for classroom door,,130,152,17,,,
diane_stangis,ZZ_teacherTonytips_101014_1,1,growth mindset sign for classroom door,,130,152,17,,,
toover1995,ZZ_teacherTonytips_101014_1,1,growth mindset sign for classroom door,,130,152,17,,,
TiffaneeR,ZZ_teacherTonytips_101014_1,1,growth mindset sign for classroom door,,130,152,17,,,
KentADavis,ZZ_teacherTonytips_101014_1,1,growth mindset sign for classroom door,,130,152,17,,,
DaveMildenhall,ZZ_teacherTonytips_101014_1,1,growth mindset sign for classroom door,,130,152,17,,,
BasarabaTammy,ZZ_teacherTonytips_101014_1,1,growth mindset sign for classroom door,,130,152,17,,,
LangTeachersIre,ZZ_teacherTonytips_101014_1,1 via urban tea4her,growth mindset sign for classroom door,,130,152,17,,,
SenoraGiudice,ZZ_teacherTonytips_101014_1,1 via urban tea4her,growth mindset sign for classroom door,,130,152,17,,,
gizmo25681,ZZ_teacherTonytips_101014_1,1 via urban tea4her,growth mindset sign for classroom door,,130,152,17,,,
timneedles,ZZ_teacherTonytips_101014_1,1 via urban tea4her,growth mindset sign for classroom door,,130,152,17,,,
kschomaker,ZZ_teacherTonytips_101014_1,1 via urban tea4her,growth mindset sign for classroom door,,130,152,17,,,
patricemiller_,ZZ_teacherTonytips_101014_1,1 via urban tea4her,growth mindset sign for classroom door,,130,152,17,,,
CandiMoelter,ZZ_teacherTonytips_101014_1,1 via urban tea4her,growth mindset sign for classroom door,,130,152,17,,,
MrsD_ICT_CHS,ZZ_teacherTonytips_101014_1,1 via urban tea4her,growth mindset sign for classroom door,,130,152,17,,,
asiatap,ZZ_teacherTonytips_101014_1,1 via urban tea4her,growth mindset sign for classroom door,,130,152,17,,,
BridgetLCM,ZZ_teacherTonytips_101014_1,1 via urban tea4her,growth mindset sign for classroom door,,130,152,17,,,
worrallgail,ZZ_teacherTonytips_101014_1,1 via urban tea4her,growth mindset sign for classroom door,,130,152,17,,,
angpotts,ZZ_teacherTonytips_101014_1,1 via urban tea4her,growth mindset sign for classroom door,,130,152,17,,,
JlhJoanne,ZZ_teacherTonytips_101014_1,1 via urban tea4her,growth mindset sign for classroom door,,130,152,17,,,
HelenaJankowski,ZZ_teacherTonytips_101014_1,1 via urban tea4her,growth mindset sign for classroom door,,130,152,17,,,
NewmanSciADoL,ZZ_teacherTonytips_101014_1,1 via urban tea4her,growth mindset sign for classroom door,,130,152,17,,,
LisaFernandez78,ZZ_teacherTonytips_101014_1,1 via urban tea4her,growth mindset sign for classroom door,,130,152,17,,,
LynnHillFord,ZZ_teacherTonytips_101014_1,1 via MissKM4D,growth mindset sign for classroom door,,130,152,17,,,
ewenfields,ZZ_teacherTonytips_101014_1,1 via MissKM4D,growth mindset sign for classroom door,,130,152,17,,,
jennypurplemoon,ZZ_teacherTonytips_101014_1,1 via MissKM4D,growth mindset sign for classroom door,,130,152,17,,,
SmilesStephi,ZZ_teacherTonytips_101014_1,1 via MissKM4D,growth mindset sign for classroom door,,130,152,17,,,
littlestobbsy,ZZ_teacherTonytips_101014_1,1 via MissKM4D,growth mindset sign for classroom door,,130,152,17,,,
mmcc34,ZZ_teacherTonytips_101014_1,1 via SLT_Kat,growth mindset sign for classroom door,,130,152,17,,,
PupilFirst,ZZ_teacherTonytips_101014_1,1 via SLT_Kat,growth mindset sign for classroom door,,130,152,17,,,
NWOSUMom,ZZ_teacherTonytips_101014_1,1 via SLT_Kat,growth mindset sign for classroom door,,130,152,17,,,
MosspaperHelp,ZZ_teacherTonytips_101014_1,1 via SLT_Kat,growth mindset sign for classroom door,,130,152,17,,,
LauraHadlington,ZZ_teacherTonytips_101014_1,1 via SLT_Kat,growth mindset sign for classroom door,,130,152,17,,,
TrulyMands,ZZ_teacherTonytips_101014_1,1 via SLT_Kat,growth mindset sign for classroom door,,130,152,17,,,
jk_graves,ZZ_teacherTonytips_101014_1,1 via SLT_Kat,growth mindset sign for classroom door,,130,152,17,,,
TESSPrincipal,ZZ_teacherTonytips_101014_1,1 via 1tesss4ien4e,growth mindset sign for classroom door,,130,152,17,,,
andree_frieze,ZZ_andree_frieze_101014_1,8,same growth mindset image as above but with new message,https://pbs.twimg.com/media/BzmFR5aCUAAKPor.jpg,0,1,0,,,
teacherTonytips,ZZ_andree_frieze_101014_1,1,same growth mindset image as above but with new message,,0,1,0,,,
ewenfields,ZZ_ewenfields_101014_1,8,peer marking/feedback guide,https://pbs.twimg.com/media/BzmG_W_IMAA5nmJ.png,0,1,0,,,
chuculchethhigh,ZZ_ewenfields_101014_1,1,peer marking/feedback guide,,0,1,0,,,
ewenfields,ZZ_ewenfields_101014_2,8,peer verification instructions,https://pbs.twimg.com/media/BzmHzDzCEAEmbQm.png,1,0,0,,,
SSterland,ZZ_ewenfields_101014_2,2,peer verification instructions,,1,0,0,,,
ChrisWaterworth,ZZ_ChrisWaterworth_101014_1,8,student's art work,https://pbs.twimg.com/media/BzmIOg8IYAAG0mN.jpg,0,0,1,,,
StageitPlays,ZZ_ChrisWaterworth_101014_1,4,student's art work,,0,0,1,,,
ewenfields,ZZ_ewenfields_101014_3,8,"student's written work (draft, feedback, re-draft)",https://pbs.twimg.com/media/BzmInogIUAAnEtG.png,7,4,0,,,
littleUncle_Avo,ZZ_ewenfields_101014_3,2,"student's written work (draft, feedback, re-draft)",,7,4,0,,,
SaysMiss,ZZ_ewenfields_101014_3,2,"student's written work (draft, feedback, re-draft)",,7,4,0,,,
paulhaigh,ZZ_ewenfields_101014_3,2,"student's written work (draft, feedback, re-draft)",,7,4,0,,,
clairetasker,ZZ_ewenfields_101014_3,2,"student's written work (draft, feedback, re-draft)",,7,4,0,,,
SuzyMatuszak,ZZ_ewenfields_101014_3,2,"student's written work (draft, feedback, re-draft)",,7,4,0,,,
DeaneMarwa,ZZ_ewenfields_101014_3,1,"student's written work (draft, feedback, re-draft)",,7,4,0,,,
jk_graves,ZZ_ewenfields_101014_3,1,"student's written work (draft, feedback, re-draft)",,7,4,0,,,
ChrisWaterworth,ZZ_ChrisWaterworth_101014_2,8,travel guides learning wall,https://pbs.twimg.com/media/BzmImxfIgAAxOE3.jpg,0,0,0,,,
ChrisWaterworth,ZZ_ChrisWaterworth_101014_3,8,maths wall,https://pbs.twimg.com/media/BzmI1hCIMAEPTkA.jpg,0,0,1,,,
darrenram,ZZ_ChrisWaterworth_101014_3,4,maths wall,,0,0,1,,,
ICTEvangelist,ZZ_ICTEvangelist_101014_1,8,growth mindset stuff including student writing,https://pbs.twimg.com/media/BzmJPDdCMAAk3DL.jpg,0,4,0,,,
tkeegan,ZZ_ICTEvangelist_101014_1,1,growth mindset stuff including student writing,,0,4,0,,,
rosalindsentrk,ZZ_ICTEvangelist_101014_1,1,growth mindset stuff including student writing,,0,4,0,,,
mrsartytextiles,ZZ_ICTEvangelist_101014_1,1,growth mindset stuff including student writing,,0,4,0,,,
ASTsupportAAli,ZZ_ASTsupportAAli_101014_1,8,email signature,https://pbs.twimg.com/media/BzmLupDCYAEymC0.jpg,3,1,1,,,
gillersn,ZZ_ASTsupportAAli_101014_1,4,email signature,,3,1,1,,,
amyjscudder,ZZ_ASTsupportAAli_101014_1,2,email signature,,3,1,1,,,
gillersn,ZZ_ASTsupportAAli_101014_1,2,email signature,,3,1,1,,,
gillersn,ZZ_ASTsupportAAli_101014_1,1,email signature,,3,1,1,,,
HeadofEnglish,ZZ_HeadofEnglish_101014_1,8,students in role-playing activity,https://pbs.twimg.com/media/BzmQeWKIQAEvHT-.jpg,0,2,0,,,
SeahamRE,ZZ_HeadofEnglish_101014_1,1,students in role-playing activity,,0,2,0,,,
TheScottyC1997,ZZ_HeadofEnglish_101014_1,1,students in role-playing activity,,0,2,0,,,
louise_judith,ZZ_louise_judith_101014_1,8,punctuation jigsaw,https://pbs.twimg.com/media/BzmRiXmCYAMUqzp.jpg,0,2,0,,,
SeahamRE,ZZ_louise_judith_101014_1,1,punctuation jigsaw,,0,2,0,,,
cazzwebbo,ZZ_louise_judith_101014_1,1,punctuation jigsaw,,0,2,0,,,
FKRitson,ZZ_FKRitson_101014_1,8,students' written work,https://pbs.twimg.com/media/BzmUx8oCYAAcbQN.jpg,6,10,0,5,8,0
NooPuddles,ZZ_FKRitson_101014_1,2,students' written work,,6,10,0,,,
louise_judith,ZZ_FKRitson_101014_1,2,students' written work,,6,10,0,,,
HeadofEnglish,ZZ_FKRitson_101014_1,2,students' written work,,6,10,0,,,
SimBadd64,ZZ_FKRitson_101014_1,2,students' written work,,6,10,0,,,
Lucyd1237,ZZ_FKRitson_101014_1,2,students' written work,,6,10,0,1,2,0
montserrat2901,ZZ_FKRitson_101014_1,2 via Lu4yd1237,students' written work,,6,10,0,,,
kerrys268,ZZ_FKRitson_101014_1,1,students' written work,,6,10,0,,,
NooPuddles,ZZ_FKRitson_101014_1,1,students' written work,,6,10,0,,,
CharlieM_87,ZZ_FKRitson_101014_1,1,students' written work,,6,10,0,,,
Lucyd1237,ZZ_FKRitson_101014_1,1,students' written work,,6,10,0,,,
louise_judith,ZZ_FKRitson_101014_1,1,students' written work,,6,10,0,,,
obsidianbovril,ZZ_FKRitson_101014_1,1,students' written work,,6,10,0,,,
HeadofEnglish,ZZ_FKRitson_101014_1,1,students' written work,,6,10,0,,,
SimBadd64,ZZ_FKRitson_101014_1,1,students' written work,,6,10,0,,,
wren79,ZZ_FKRitson_101014_1,1 via Lu4yd1237,students' written work,,6,10,0,,,
DrSMontgomery,ZZ_FKRitson_101014_1,1 via Lu4yd1237,students' written work,,6,10,0,,,
MartynReah,ZZ_FKRitson_101014_1,1 via Lu4yd1237,students' written work,,6,10,0,,,
MsVCooke,ZZ_MsVCooke_101014_1,8,student's bare calves and socked feet on phonics dance mat,https://pbs.twimg.com/media/BzmWJDMCYAIrwYk.jpg,4,6,2,2,3,2
leighmurrell,ZZ_MsVCooke_101014_1,4,student's bare calves and socked feet on phonics dance mat,,4,6,2,,,
LauraLolder,ZZ_MsVCooke_101014_1,4,student's bare calves and socked feet on phonics dance mat,,4,6,2,,,
Lynne_SCILT,ZZ_MsVCooke_101014_1,2,student's bare calves and socked feet on phonics dance mat,,4,6,2,,,
LauraLolder,ZZ_MsVCooke_101014_1,2,student's bare calves and socked feet on phonics dance mat,,4,6,2,,,
JarredCawley,ZZ_MsVCooke_101014_1,2 via LauraLolder,student's bare calves and socked feet on phonics dance mat,,4,6,2,,,
CristaHazell,ZZ_MsVCooke_101014_1,2 via LauraLolder,student's bare calves and socked feet on phonics dance mat,,4,6,2,,,
Nieves_Sadullah,ZZ_MsVCooke_101014_1,1,student's bare calves and socked feet on phonics dance mat,,4,6,2,,,
Lynne_SCILT,ZZ_MsVCooke_101014_1,1,student's bare calves and socked feet on phonics dance mat,,4,6,2,,,
leighmurrell,ZZ_MsVCooke_101014_1,1,student's bare calves and socked feet on phonics dance mat,,4,6,2,,,
bakerstdozen,ZZ_MsVCooke_101014_1,1 via LauraLolder,student's bare calves and socked feet on phonics dance mat,,4,6,2,,,
crepeanutella,ZZ_MsVCooke_101014_1,1 via LauraLolder,student's bare calves and socked feet on phonics dance mat,,4,6,2,,,
CristaHazell,ZZ_MsVCooke_101014_1,1 via LauraLolder,student's bare calves and socked feet on phonics dance mat,,4,6,2,,,
amy_leighd,ZZ_amy_leighd_101014_1,8,students' notes and drawings on wallpaper (revision),https://pbs.twimg.com/media/BzmWLQEIUAAchqu.jpg,4,6,2,1,5,0
SeahamRE,ZZ_amy_leighd_101014_1,1,students' notes and drawings on wallpaper (revision),,4,6,2,,,
HLCEnglishSquad,ZZ_amy_leighd_101014_1,1,students' notes and drawings on wallpaper (revision),,4,6,2,,,
j_shepperd,ZZ_amy_leighd_101014_1,1,students' notes and drawings on wallpaper (revision),,4,6,2,,,
pwardle0910,ZZ_pwardle0910_101014_1,8,student's workbook,https://pbs.twimg.com/media/BzmWwghIMAEY3Nx.jpg,13,16,7,,,
dandesignthink,ZZ_pwardle0910_101014_1,4,student's workbook,,13,16,7,,,
SeahamRE,ZZ_pwardle0910_101014_1,4,student's workbook,,13,16,7,,,
jk_graves,ZZ_pwardle0910_101014_1,4,student's workbook,,13,16,7,,,
DanaABDUL,ZZ_pwardle0910_101014_1,4,student's workbook,,13,16,7,,,
Debbieyrigby,ZZ_pwardle0910_101014_1,4,student's workbook,,13,16,7,,,
FKRitson,ZZ_pwardle0910_101014_1,4,student's workbook,,13,16,7,,,
heelismichelle,ZZ_pwardle0910_101014_1,4,student's workbook,,13,16,7,,,
heelismichelle,ZZ_pwardle0910_101014_1,2,student's workbook,,13,16,7,,,
opsonise,ZZ_pwardle0910_101014_1,2,student's workbook,,13,16,7,,,
j_wright_83,ZZ_pwardle0910_101014_1,2,student's workbook,,13,16,7,,,
TheBenHorbury,ZZ_pwardle0910_101014_1,2,student's workbook,,13,16,7,,,
PaulGarvey4,ZZ_pwardle0910_101014_1,2,student's workbook,,13,16,7,,,
HindesScience,ZZ_pwardle0910_101014_1,2,student's workbook,,13,16,7,,,
FKRitson,ZZ_pwardle0910_101014_1,2,student's workbook,,13,16,7,,,
amyjeetley,ZZ_pwardle0910_101014_1,2,student's workbook,,13,16,7,,,
SylviaOver45s,ZZ_pwardle0910_101014_1,2,student's workbook,,13,16,7,,,
DriffieldPE,ZZ_pwardle0910_101014_1,2,student's workbook,,13,16,7,,,
amy_leighd,ZZ_pwardle0910_101014_1,2,student's workbook,,13,16,7,,,
dandesignthink,ZZ_pwardle0910_101014_1,2,student's workbook,,13,16,7,,,
opsonise,ZZ_pwardle0910_101014_1,1,student's workbook,,13,16,7,,,
VickyRetter,ZZ_pwardle0910_101014_1,1,student's workbook,,13,16,7,,,
Miss_M_Lally,ZZ_pwardle0910_101014_1,1,student's workbook,,13,16,7,,,
TheBenHorbury,ZZ_pwardle0910_101014_1,1,student's workbook,,13,16,7,,,
ICanTeach_uk,ZZ_pwardle0910_101014_1,1,student's workbook,,13,16,7,,,
SylviaOver45s,ZZ_pwardle0910_101014_1,1,student's workbook,,13,16,7,,,
GemmaLettington,ZZ_pwardle0910_101014_1,1,student's workbook,,13,16,7,,,
DriffieldPE,ZZ_pwardle0910_101014_1,1,student's workbook,,13,16,7,,,
debldoo,ZZ_pwardle0910_101014_1,1,student's workbook,,13,16,7,,,
MissMeeks14,ZZ_pwardle0910_101014_1,1,student's workbook,,13,16,7,,,
SeahamRE,ZZ_pwardle0910_101014_1,1,student's workbook,,13,16,7,,,
amy_leighd,ZZ_pwardle0910_101014_1,1,student's workbook,,13,16,7,,,
elaronndy,ZZ_pwardle0910_101014_1,1,student's workbook,,13,16,7,,,
RachelSwinburne,ZZ_RachelSwinburne_101014_1,8,design idea washing line,https://pbs.twimg.com/media/BzmXOEvCMAEZLyJ.jpg,2,2,0,,,
SeahamRE,ZZ_RachelSwinburne_101014_1,1,design idea washing line,,2,2,0,,,
LessonToolbox,ZZ_LessonToolbox_101014_1,8,model cell made from pizza base and sweets,https://pbs.twimg.com/media/BzmYsdVCMAEEqJy.jpg,6,14,2,,,
FJRMcPhail,ZZ_LessonToolbox_101014_1,4,model cell made from pizza base and sweets,,6,14,2,,,
mathemalicious,ZZ_LessonToolbox_101014_1,4,model cell made from pizza base and sweets,,6,14,2,,,
HighdownZFL,ZZ_LessonToolbox_101014_1,2,model cell made from pizza base and sweets,,6,14,2,,,
LouiseSimpson58,ZZ_LessonToolbox_101014_1,2,model cell made from pizza base and sweets,,6,14,2,,,
brownh1971,ZZ_LessonToolbox_101014_1,2,model cell made from pizza base and sweets,,6,14,2,,,
FKRitson,ZZ_LessonToolbox_101014_1,2,model cell made from pizza base and sweets,,6,14,2,,,
HThompson1982,ZZ_LessonToolbox_101014_1,2,model cell made from pizza base and sweets,,6,14,2,,,
linlxw,ZZ_LessonToolbox_101014_1,1,model cell made from pizza base and sweets,,6,14,2,,,
floorphillaz,ZZ_LessonToolbox_101014_1,1,model cell made from pizza base and sweets,,6,14,2,,,
GrangemouthDT,ZZ_LessonToolbox_101014_1,1,model cell made from pizza base and sweets,,6,14,2,,,
BetterMaths,ZZ_LessonToolbox_101014_1,1,model cell made from pizza base and sweets,,6,14,2,,,
PSMBiochem,ZZ_LessonToolbox_101014_1,1,model cell made from pizza base and sweets,,6,14,2,,,
charlieferrett,ZZ_LessonToolbox_101014_1,1,model cell made from pizza base and sweets,,6,14,2,,,
LouiseSimpson58,ZZ_LessonToolbox_101014_1,1,model cell made from pizza base and sweets,,6,14,2,,,
Claire_Louise_3,ZZ_LessonToolbox_101014_1,1,model cell made from pizza base and sweets,,6,14,2,,,
MissJ0nes,ZZ_LessonToolbox_101014_1,1,model cell made from pizza base and sweets,,6,14,2,,,
SeahamRE,ZZ_LessonToolbox_101014_1,1,model cell made from pizza base and sweets,,6,14,2,,,
englishteachgfl,ZZ_LessonToolbox_101014_1,1,model cell made from pizza base and sweets,,6,14,2,,,
Suvisal0,ZZ_LessonToolbox_101014_1,1,model cell made from pizza base and sweets,,6,14,2,,,
MissMcScience,ZZ_LessonToolbox_101014_1,1,model cell made from pizza base and sweets,,6,14,2,,,
barrie_8,ZZ_barrie_8_101014_1,8,building blocks for history activity,https://pbs.twimg.com/media/BzmfReRIEAActux.jpg,11,18,7,1,3,4
littlestobbsy,ZZ_barrie_8_101014_1,4,building blocks for history activity,,11,18,7,,,
MohammedSidat,ZZ_barrie_8_101014_1,4,building blocks for history activity,,11,18,7,,,
NicoleOB2014,ZZ_barrie_8_101014_1,4,building blocks for history activity,,11,18,7,,,
AliceElwell,ZZ_barrie_8_101014_1,4,building blocks for history activity,,11,18,7,,,
MohammedSidat,ZZ_barrie_8_101014_1,4 via littlestobbsy,building blocks for history activity,,11,18,7,,,
NicoleOB2014,ZZ_barrie_8_101014_1,4 via littlestobbsy,building blocks for history activity,,11,18,7,,,
AliceElwell,ZZ_barrie_8_101014_1,4 via littlestobbsy,building blocks for history activity,,11,18,7,,,
SHS_Humanities,ZZ_barrie_8_101014_1,2,building blocks for history activity,,11,18,7,,,
littlestobbsy,ZZ_barrie_8_101014_1,2,building blocks for history activity,,11,18,7,6,12,3
osirisedu,ZZ_barrie_8_101014_1,2,building blocks for history activity,,11,18,7,4,3,0
LA_McDermott,ZZ_barrie_8_101014_1,2 via littlestobbsy,building blocks for history activity,,11,18,7,,,
AliceElwell,ZZ_barrie_8_101014_1,2 via littlestobbsy,building blocks for history activity,,11,18,7,,,
NicoleOB2014,ZZ_barrie_8_101014_1,2 via littlestobbsy,building blocks for history activity,,11,18,7,,,
SmilesStephi,ZZ_barrie_8_101014_1,2 via littlestobbsy,building blocks for history activity,,11,18,7,,,
MohammedSidat,ZZ_barrie_8_101014_1,2 via littlestobbsy,building blocks for history activity,,11,18,7,,,
wendy21brown,ZZ_barrie_8_101014_1,2 via littlestobbsy,building blocks for history activity,,11,18,7,,,
PhilipsHighTL,ZZ_barrie_8_101014_1,2 via osirisedu,building blocks for history activity,,11,18,7,,,
teacherTonytips,ZZ_barrie_8_101014_1,2 via osirisedu,building blocks for history activity,,11,18,7,,,
thereadingguy,ZZ_barrie_8_101014_1,2 via osirisedu,building blocks for history activity,,11,18,7,,,
littlestobbsy,ZZ_barrie_8_101014_1,1,building blocks for history activity,,11,18,7,,,
ewenfields,ZZ_barrie_8_101014_1,1 via littlestobbsy,building blocks for history activity,,11,18,7,,,
LA_McDermott,ZZ_barrie_8_101014_1,1 via littlestobbsy,building blocks for history activity,,11,18,7,,,
AliceElwell,ZZ_barrie_8_101014_1,1 via littlestobbsy,building blocks for history activity,,11,18,7,,,
NicoleOB2014,ZZ_barrie_8_101014_1,1 via littlestobbsy,building blocks for history activity,,11,18,7,,,
SmilesStephi,ZZ_barrie_8_101014_1,1 via littlestobbsy,building blocks for history activity,,11,18,7,,,
Katherine1983,ZZ_barrie_8_101014_1,1 via littlestobbsy,building blocks for history activity,,11,18,7,,,
MsLiddell,ZZ_barrie_8_101014_1,1 via littlestobbsy,building blocks for history activity,,11,18,7,,,
louise_judith,ZZ_barrie_8_101014_1,1 via littlestobbsy,building blocks for history activity,,11,18,7,,,
walla_be,ZZ_barrie_8_101014_1,1 via littlestobbsy,building blocks for history activity,,11,18,7,,,
wendy21brown,ZZ_barrie_8_101014_1,1 via littlestobbsy,building blocks for history activity,,11,18,7,,,
vybacke,ZZ_barrie_8_101014_1,1 via osirisedu,building blocks for history activity,,11,18,7,,,
penmand01,ZZ_barrie_8_101014_1,1 via osirisedu,building blocks for history activity,,11,18,7,,,
thereadingguy,ZZ_barrie_8_101014_1,1 via osirisedu,building blocks for history activity,,11,18,7,,,
TeacherToolkit,ZZ_TeacherToolkit_101014_1,8,tips to teachers on giving feedback,https://pbs.twimg.com/media/Bzl2qFVCEAArkZg.jpg,70,61,7,,,
dan_brinton,ZZ_TeacherToolkit_101014_1,4,tips to teachers on giving feedback,,70,61,7,,,
geographyjazz,ZZ_TeacherToolkit_101014_1,4,tips to teachers on giving feedback,,70,61,7,,,
amyjeetley,ZZ_TeacherToolkit_101014_1,4,tips to teachers on giving feedback,,70,61,7,,,
LessonToolbox,ZZ_TeacherToolkit_101014_1,4,tips to teachers on giving feedback,,70,61,7,,,
LornaMonroe,ZZ_TeacherToolkit_101014_1,4,tips to teachers on giving feedback,,70,61,7,,,
Shampoozil,ZZ_TeacherToolkit_101014_1,4,tips to teachers on giving feedback,,70,61,7,,,
ZywickiR,ZZ_TeacherToolkit_101014_1,4,tips to teachers on giving feedback,,70,61,7,,,
catclark,ZZ_TeacherToolkit_101014_1,2,tips to teachers on giving feedback,,70,61,7,,,
lionshistorian,ZZ_TeacherToolkit_101014_1,2,tips to teachers on giving feedback,,70,61,7,,,
sfcook1,ZZ_TeacherToolkit_101014_1,2,tips to teachers on giving feedback,,70,61,7,,,
MrLowndes,ZZ_TeacherToolkit_101014_1,2,tips to teachers on giving feedback,,70,61,7,,,
Mrs_Sagu,ZZ_TeacherToolkit_101014_1,2,tips to teachers on giving feedback,,70,61,7,,,
FidesQIntellect,ZZ_TeacherToolkit_101014_1,2,tips to teachers on giving feedback,,70,61,7,,,
BethBlarkin,ZZ_TeacherToolkit_101014_1,2,tips to teachers on giving feedback,,70,61,7,,,
TGEngTandL,ZZ_TeacherToolkit_101014_1,2,tips to teachers on giving feedback,,70,61,7,,,
MarkJWarner1,ZZ_TeacherToolkit_101014_1,2,tips to teachers on giving feedback,,70,61,7,,,
andrewkbailey13,ZZ_TeacherToolkit_101014_1,2,tips to teachers on giving feedback,,70,61,7,,,
msdaviselks,ZZ_TeacherToolkit_101014_1,2,tips to teachers on giving feedback,,70,61,7,,,
Feenel,ZZ_TeacherToolkit_101014_1,2,tips to teachers on giving feedback,,70,61,7,,,
nthompson_12,ZZ_TeacherToolkit_101014_1,2,tips to teachers on giving feedback,,70,61,7,,,
FKRitson,ZZ_TeacherToolkit_101014_1,2,tips to teachers on giving feedback,,70,61,7,,,
ccis2013,ZZ_TeacherToolkit_101014_1,2,tips to teachers on giving feedback,,70,61,7,,,
TristessaMoore,ZZ_TeacherToolkit_101014_1,2,tips to teachers on giving feedback,,70,61,7,,,
MrGWallCymraeg,ZZ_TeacherToolkit_101014_1,2,tips to teachers on giving feedback,,70,61,7,,,
_seanc,ZZ_TeacherToolkit_101014_1,2,tips to teachers on giving feedback,,70,61,7,,,
HCC_Jwright,ZZ_TeacherToolkit_101014_1,2,tips to teachers on giving feedback,,70,61,7,,,
purplepedagogy,ZZ_TeacherToolkit_101014_1,2,tips to teachers on giving feedback,,70,61,7,,,
amyjeetley,ZZ_TeacherToolkit_101014_1,2,tips to teachers on giving feedback,,70,61,7,,,
mariehighlands,ZZ_TeacherToolkit_101014_1,2,tips to teachers on giving feedback,,70,61,7,,,
SSterland,ZZ_TeacherToolkit_101014_1,2,tips to teachers on giving feedback,,70,61,7,,,
ApApaget,ZZ_TeacherToolkit_101014_1,2,tips to teachers on giving feedback,,70,61,7,,,
NormStrickson,ZZ_TeacherToolkit_101014_1,2,tips to teachers on giving feedback,,70,61,7,,,
afawnie,ZZ_TeacherToolkit_101014_1,1,tips to teachers on giving feedback,,70,61,7,,,
wren79,ZZ_TeacherToolkit_101014_1,1,tips to teachers on giving feedback,,70,61,7,,,
karen22354,ZZ_TeacherToolkit_101014_1,1,tips to teachers on giving feedback,,70,61,7,,,
TGEngTandL,ZZ_TeacherToolkit_101014_1,1,tips to teachers on giving feedback,,70,61,7,,,
andrewkbailey13,ZZ_TeacherToolkit_101014_1,1,tips to teachers on giving feedback,,70,61,7,,,
RuthieSq,ZZ_TeacherToolkit_101014_1,1,tips to teachers on giving feedback,,70,61,7,,,
mathewwalker16,ZZ_TeacherToolkit_101014_1,1,tips to teachers on giving feedback,,70,61,7,,,
cainystaidans,ZZ_TeacherToolkit_101014_1,1,tips to teachers on giving feedback,,70,61,7,,,
mogelmosea,ZZ_TeacherToolkit_101014_1,1,tips to teachers on giving feedback,,70,61,7,,,
TarrySharon,ZZ_TeacherToolkit_101014_1,1,tips to teachers on giving feedback,,70,61,7,,,
QEPsych,ZZ_TeacherToolkit_101014_1,1,tips to teachers on giving feedback,,70,61,7,,,
jhughes71,ZZ_TeacherToolkit_101014_1,1,tips to teachers on giving feedback,,70,61,7,,,
MrGWallCymraeg,ZZ_TeacherToolkit_101014_1,1,tips to teachers on giving feedback,,70,61,7,,,
sciteachcremin,ZZ_TeacherToolkit_101014_1,1,tips to teachers on giving feedback,,70,61,7,,,
vahorai,ZZ_TeacherToolkit_101014_1,1,tips to teachers on giving feedback,,70,61,7,,,
TerryJacka,ZZ_TeacherToolkit_101014_1,1,tips to teachers on giving feedback,,70,61,7,,,
ALBowling3,ZZ_TeacherToolkit_101014_1,1,tips to teachers on giving feedback,,70,61,7,,,
ApApaget,ZZ_TeacherToolkit_101014_1,1,tips to teachers on giving feedback,,70,61,7,,,
katejenian,ZZ_TeacherToolkit_101014_1,1,tips to teachers on giving feedback,,70,61,7,,,
MissLessels,ZZ_TeacherToolkit_101014_1,1,tips to teachers on giving feedback,,70,61,7,,,
Charlylocks,ZZ_TeacherToolkit_101014_1,1,tips to teachers on giving feedback,,70,61,7,,,
montserrat2901,ZZ_TeacherToolkit_101014_1,1,tips to teachers on giving feedback,,70,61,7,,,
debldoo,ZZ_TeacherToolkit_101014_1,1,tips to teachers on giving feedback,,70,61,7,,,
timdolan,ZZ_TeacherToolkit_101014_1,1,tips to teachers on giving feedback,,70,61,7,,,
rosinanoor,ZZ_TeacherToolkit_101014_1,1,tips to teachers on giving feedback,,70,61,7,,,
ChrisWaterworth,ZZ_ChrisWaterworth_101014_4,8,students' paper and box construction (cities),https://pbs.twimg.com/media/BzmgliCIQAEWMM4.jpg,2,1,0,,,
NJLury,ZZ_ChrisWaterworth_101014_4,2,students' paper and box construction (cities),,2,1,0,,,
pinkmace,ZZ_ChrisWaterworth_101014_4,2,students' paper and box construction (cities),,2,1,0,,,
pinkmace,ZZ_ChrisWaterworth_101014_4,1,students' paper and box construction (cities),,2,1,0,,,
JoyceMatthews,ZZ_JoyceMatthews__101014_1,8,homily,https://pbs.twimg.com/media/BzmpY7ZCQAASCd3.jpg,3,2,0,,,
DSpoto1,ZZ_JoyceMatthews__101014_1,2,homily,,3,2,0,,,
PaulDearing1,ZZ_JoyceMatthews__101014_1,2,homily,,3,2,0,,,
cazzwebbo,ZZ_JoyceMatthews__101014_1,2,homily,,3,2,0,,,
DSpoto1,ZZ_JoyceMatthews__101014_1,1,homily,,3,2,0,,,
cazzwebbo,ZZ_JoyceMatthews__101014_1,1,homily,,3,2,0,,,
KerryPulleyn,ZZ_KerryPulleyn_101014_1,8,sociogram (student's work),https://pbs.twimg.com/media/BzmwIBuIUAAeAjF.jpg,10,17,1,2,8,1
SeahamRE,ZZ_KerryPulleyn_101014_1,4,sociogram (student's work),,10,17,1,,,
PeteJackson32,ZZ_KerryPulleyn_101014_1,2,sociogram (student's work),,10,17,1,,,
pedagoo,ZZ_KerryPulleyn_101014_1,2,sociogram (student's work),,10,17,1,8,9,0
tmleics,ZZ_KerryPulleyn_101014_1,2 via pedagoo,sociogram (student's work),,10,17,1,,,
MissJ0nes,ZZ_KerryPulleyn_101014_1,2 via pedagoo,sociogram (student's work),,10,17,1,,,
rondelle10_b,ZZ_KerryPulleyn_101014_1,2 via pedagoo,sociogram (student's work),,10,17,1,,,
SeahamRE,ZZ_KerryPulleyn_101014_1,2 via pedagoo,sociogram (student's work),,10,17,1,,,
wendy21brown,ZZ_KerryPulleyn_101014_1,2 via pedagoo,sociogram (student's work),,10,17,1,,,
IslandEnglish,ZZ_KerryPulleyn_101014_1,1,sociogram (student's work),,10,17,1,,,
Emmsibo,ZZ_KerryPulleyn_101014_1,1,sociogram (student's work),,10,17,1,,,
mrpeel,ZZ_KerryPulleyn_101014_1,1,sociogram (student's work),,10,17,1,,,
PeteJackson32,ZZ_KerryPulleyn_101014_1,1,sociogram (student's work),,10,17,1,,,
FKRitson,ZZ_KerryPulleyn_101014_1,1,sociogram (student's work),,10,17,1,,,
SeahamRE,ZZ_KerryPulleyn_101014_1,1,sociogram (student's work),,10,17,1,,,
Sue_Cowley,ZZ_KerryPulleyn_101014_1,1,sociogram (student's work),,10,17,1,,,
cassie_francis,ZZ_KerryPulleyn_101014_1,1 via pedagoo,sociogram (student's work),,10,17,1,,,
TriciaTinDundee,ZZ_KerryPulleyn_101014_1,1 via pedagoo,sociogram (student's work),,10,17,1,,,
MsRoSp,ZZ_KerryPulleyn_101014_1,1 via pedagoo,sociogram (student's work),,10,17,1,,,
sciteachcremin,ZZ_KerryPulleyn_101014_1,1 via pedagoo,sociogram (student's work),,10,17,1,,,
MissJ0nes,ZZ_KerryPulleyn_101014_1,1 via pedagoo,sociogram (student's work),,10,17,1,,,
misswrightatdcc,ZZ_KerryPulleyn_101014_1,1 via pedagoo,sociogram (student's work),,10,17,1,,,
hgaldinoshea,ZZ_KerryPulleyn_101014_1,1 via pedagoo,sociogram (student's work),,10,17,1,,,
SeahamRE,ZZ_KerryPulleyn_101014_1,1 via pedagoo,sociogram (student's work),,10,17,1,,,
SarahHennessey4,ZZ_SarahHennessey4_101014_1,8,children in class (sand mandala activity),https://pbs.twimg.com/media/BzmwewRIAAAZ6Cw.jpg,0,1,0,,,
louise_judith,ZZ_louise_judith_101014_2,8,foldables' made by students on punctuation,https://pbs.twimg.com/media/BzmxhjbCcAA0ymc.jpg,4,10,6,,,
LesleyMunro4,ZZ_louise_judith_101014_2,4,foldables' made by students on punctuation,,4,10,6,,,
FKRitson,ZZ_louise_judith_101014_2,4,foldables' made by students on punctuation,,4,10,6,,,
Sargang,ZZ_louise_judith_101014_2,4,foldables' made by students on punctuation,,4,10,6,,,
MrsNEJones,ZZ_louise_judith_101014_2,4,foldables' made by students on punctuation,,4,10,6,,,
nick2010critch,ZZ_louise_judith_101014_2,4,foldables' made by students on punctuation,,4,10,6,,,
wendymaria100,ZZ_louise_judith_101014_2,4,foldables' made by students on punctuation,,4,10,6,,,
red_quin,ZZ_louise_judith_101014_2,2,foldables' made by students on punctuation,,4,10,6,,,
TorTeaches,ZZ_louise_judith_101014_2,2,foldables' made by students on punctuation,,4,10,6,,,
Sargang,ZZ_louise_judith_101014_2,2,foldables' made by students on punctuation,,4,10,6,,,
FKRitson,ZZ_louise_judith_101014_2,2,foldables' made by students on punctuation,,4,10,6,,,
EllrgeeL,ZZ_louise_judith_101014_2,1,foldables' made by students on punctuation,,4,10,6,,,
ewenfields,ZZ_louise_judith_101014_2,1,foldables' made by students on punctuation,,4,10,6,,,
MissHannahHist,ZZ_louise_judith_101014_2,1,foldables' made by students on punctuation,,4,10,6,,,
DameBabble,ZZ_louise_judith_101014_2,1,foldables' made by students on punctuation,,4,10,6,,,
rwba_mindset,ZZ_louise_judith_101014_2,1,foldables' made by students on punctuation,,4,10,6,,,
nick2010critch,ZZ_louise_judith_101014_2,1,foldables' made by students on punctuation,,4,10,6,,,
AlexWhite_UTC,ZZ_louise_judith_101014_2,1,foldables' made by students on punctuation,,4,10,6,,,
AllThingsEng,ZZ_louise_judith_101014_2,1,foldables' made by students on punctuation,,4,10,6,,,
ExtremeEducator,ZZ_louise_judith_101014_2,1,foldables' made by students on punctuation,,4,10,6,,,
FKRitson,ZZ_louise_judith_101014_2,1,foldables' made by students on punctuation,,4,10,6,,,
SallyannSlack,ZZ_SallyannSlack_101014_1,8,student's collage adorned with peer-feedback post-its,https://pbs.twimg.com/media/Bzmy8y-IQAIleS0.jpg,0,0,0,,,
littlestobbsy,ZZ_littlestobbsy_101014_1,8,mini trench display set up in classroom for open day,https://pbs.twimg.com/media/Bzm0oGSCIAA-O2I.jpg,12,29,5,10,28,5
wendy21brown,ZZ_littlestobbsy_101014_1,4,mini trench display set up in classroom for open day,,12,29,5,,,
numpty_teacher,ZZ_littlestobbsy_101014_1,4,mini trench display set up in classroom for open day,,12,29,5,,,
louise_judith,ZZ_littlestobbsy_101014_1,4,mini trench display set up in classroom for open day,,12,29,5,,,
MohammedSidat,ZZ_littlestobbsy_101014_1,4,mini trench display set up in classroom for open day,,12,29,5,,,
DrRonaMackenzie,ZZ_littlestobbsy_101014_1,4,mini trench display set up in classroom for open day,,12,29,5,,,
oakes_dan,ZZ_littlestobbsy_101014_1,2,mini trench display set up in classroom for open day,,12,29,5,,,
carljarvis_eos,ZZ_littlestobbsy_101014_1,2,mini trench display set up in classroom for open day,,12,29,5,,,
Simonpridham123,ZZ_littlestobbsy_101014_1,2,mini trench display set up in classroom for open day,,12,29,5,,,
HYWEL_ROBERTS,ZZ_littlestobbsy_101014_1,2,mini trench display set up in classroom for open day,,12,29,5,,,
jj__loves__jj,ZZ_littlestobbsy_101014_1,2,mini trench display set up in classroom for open day,,12,29,5,,,
Daniel_Eos,ZZ_littlestobbsy_101014_1,2,mini trench display set up in classroom for open day,,12,29,5,,,
wendy21brown,ZZ_littlestobbsy_101014_1,2,mini trench display set up in classroom for open day,,12,29,5,,,
SeahamRE,ZZ_littlestobbsy_101014_1,2,mini trench display set up in classroom for open day,,12,29,5,,,
Sargang,ZZ_littlestobbsy_101014_1,2,mini trench display set up in classroom for open day,,12,29,5,,,
louise_judith,ZZ_littlestobbsy_101014_1,2,mini trench display set up in classroom for open day,,12,29,5,1,1,0
osirisedu,ZZ_littlestobbsy_101014_1,2,mini trench display set up in classroom for open day,,12,29,5,1,0,0
MohammedSidat,ZZ_littlestobbsy_101014_1,2 via louise_judith,mini trench display set up in classroom for open day,,12,29,5,,,
jkfairclough,ZZ_littlestobbsy_101014_1,2 via osirisedu,mini trench display set up in classroom for open day,,12,29,5,,,
StudioLearns,ZZ_littlestobbsy_101014_1,1,mini trench display set up in classroom for open day,,12,29,5,,,
4Dcreative,ZZ_littlestobbsy_101014_1,1,mini trench display set up in classroom for open day,,12,29,5,,,
TeachitPrimary,ZZ_littlestobbsy_101014_1,1,mini trench display set up in classroom for open day,,12,29,5,,,
VivWatson1,ZZ_littlestobbsy_101014_1,1,mini trench display set up in classroom for open day,,12,29,5,,,
hartclass9,ZZ_littlestobbsy_101014_1,1,mini trench display set up in classroom for open day,,12,29,5,,,
oakes_dan,ZZ_littlestobbsy_101014_1,1,mini trench display set up in classroom for open day,,12,29,5,,,
samcalveley,ZZ_littlestobbsy_101014_1,1,mini trench display set up in classroom for open day,,12,29,5,,,
CoulsonFi,ZZ_littlestobbsy_101014_1,1,mini trench display set up in classroom for open day,,12,29,5,,,
Young_Critics,ZZ_littlestobbsy_101014_1,1,mini trench display set up in classroom for open day,,12,29,5,,,
Emmsibo,ZZ_littlestobbsy_101014_1,1,mini trench display set up in classroom for open day,,12,29,5,,,
jonwaldock,ZZ_littlestobbsy_101014_1,1,mini trench display set up in classroom for open day,,12,29,5,,,
SociologySunray,ZZ_littlestobbsy_101014_1,1,mini trench display set up in classroom for open day,,12,29,5,,,
Tayba_92,ZZ_littlestobbsy_101014_1,1,mini trench display set up in classroom for open day,,12,29,5,,,
GibbinsCharlie,ZZ_littlestobbsy_101014_1,1,mini trench display set up in classroom for open day,,12,29,5,,,
obsidianbovril,ZZ_littlestobbsy_101014_1,1,mini trench display set up in classroom for open day,,12,29,5,,,
jennypurplemoon,ZZ_littlestobbsy_101014_1,1,mini trench display set up in classroom for open day,,12,29,5,,,
Dumfries13,ZZ_littlestobbsy_101014_1,1,mini trench display set up in classroom for open day,,12,29,5,,,
ChrisWaterworth,ZZ_littlestobbsy_101014_1,1,mini trench display set up in classroom for open day,,12,29,5,,,
Sue_Cowley,ZZ_littlestobbsy_101014_1,1,mini trench display set up in classroom for open day,,12,29,5,,,
HYWEL_ROBERTS,ZZ_littlestobbsy_101014_1,1,mini trench display set up in classroom for open day,,12,29,5,,,
lottie993,ZZ_littlestobbsy_101014_1,1,mini trench display set up in classroom for open day,,12,29,5,,,
SHS_Humanities,ZZ_littlestobbsy_101014_1,1,mini trench display set up in classroom for open day,,12,29,5,,,
charlieferrett,ZZ_littlestobbsy_101014_1,1,mini trench display set up in classroom for open day,,12,29,5,,,
SelstonHistory,ZZ_littlestobbsy_101014_1,1,mini trench display set up in classroom for open day,,12,29,5,,,
TeachitHist,ZZ_littlestobbsy_101014_1,1,mini trench display set up in classroom for open day,,12,29,5,,,
MissJ0nes,ZZ_littlestobbsy_101014_1,1 via louise_judith,mini trench display set up in classroom for open day,,12,29,5,,,
mrscstevenson,ZZ_mrscstevenson_101014_1,8,primary school kids' self-portaits,https://pbs.twimg.com/media/Bzm3tlQCMAEJfvO.jpg,2,4,0,,,
MissJ0nes,ZZ_mrscstevenson_101014_1,2,primary school kids' self-portaits,,2,4,0,,,
MrsKirstBarrett,ZZ_mrscstevenson_101014_1,2,primary school kids' self-portaits,,2,4,0,,,
Victoria_SCILT,ZZ_mrscstevenson_101014_1,1,primary school kids' self-portaits,,2,4,0,,,
MissJ0nes,ZZ_mrscstevenson_101014_1,1,primary school kids' self-portaits,,2,4,0,,,
MrsKirstBarrett,ZZ_mrscstevenson_101014_1,1,primary school kids' self-portaits,,2,4,0,,,
LauraKLCooke,ZZ_LauraKLCooke_101014_1,8,kids working quietly in classroom,https://pbs.twimg.com/media/Bzm48T5IcAEv0up.jpg,0,3,0,,,
SeahamRE,ZZ_LauraKLCooke_101014_1,1,kids working quietly in classroom,,0,3,0,,,
wendy21brown,ZZ_LauraKLCooke_101014_1,1,kids working quietly in classroom,,0,3,0,,,
Debsgf,ZZ_LauraKLCooke_101014_1,1,kids working quietly in classroom,,0,3,0,,,
ChrisWaterworth,ZZ_ChrisWaterworth_101014_5,8,kids' creative work (sketches and writing),https://pbs.twimg.com/media/Bzm9hojIEAAyYMY.jpg,2,3,1,,,
SeahamRE,ZZ_ChrisWaterworth_101014_5,4,kids' creative work (sketches and writing),,2,3,1,,,
pinkmace,ZZ_ChrisWaterworth_101014_5,2,kids' creative work (sketches and writing),,2,3,1,,,
gaw101,ZZ_ChrisWaterworth_101014_5,2,kids' creative work (sketches and writing),,2,3,1,,,
suziewh,ZZ_ChrisWaterworth_101014_5,1,kids' creative work (sketches and writing),,2,3,1,,,
MissJ0nes,ZZ_ChrisWaterworth_101014_5,1,kids' creative work (sketches and writing),,2,3,1,,,
SeahamRE,ZZ_ChrisWaterworth_101014_5,1,kids' creative work (sketches and writing),,2,3,1,,,
ChrisWaterworth,ZZ_ChrisWaterworth_101014_6,8,teacher's work - maths help/hints display stuck on doors?,https://pbs.twimg.com/media/Bzm9y-lIIAAtLuL.jpg,2,5,1,,,
MattyJ_lfc,ZZ_ChrisWaterworth_101014_6,4,teacher's work - maths help/hints display stuck on doors?,,2,5,1,,,
pinkmace,ZZ_ChrisWaterworth_101014_6,2,teacher's work - maths help/hints display stuck on doors?,,2,5,1,,,
Angelssoriano74,ZZ_ChrisWaterworth_101014_6,2,teacher's work - maths help/hints display stuck on doors?,,2,5,1,,,
pinkmace,ZZ_ChrisWaterworth_101014_6,1,teacher's work - maths help/hints display stuck on doors?,,2,5,1,,,
craftyslh,ZZ_ChrisWaterworth_101014_6,1,teacher's work - maths help/hints display stuck on doors?,,2,5,1,,,
MattyJ_lfc,ZZ_ChrisWaterworth_101014_6,1,teacher's work - maths help/hints display stuck on doors?,,2,5,1,,,
MissJ0nes,ZZ_ChrisWaterworth_101014_6,1,teacher's work - maths help/hints display stuck on doors?,,2,5,1,,,
SeahamRE,ZZ_ChrisWaterworth_101014_6,1,teacher's work - maths help/hints display stuck on doors?,,2,5,1,,,
ChrisWaterworth,ZZ_ChrisWaterworth_101014_7,8,selection of students' art/craft work plus a minecraft screenshot,https://pbs.twimg.com/media/Bzm_P28CQAA38bK.jpg,2,3,1,2,2,1
Louiseema77,ZZ_ChrisWaterworth_101014_7,4,selection of students' art/craft work plus a minecraft screenshot,,2,3,1,,,
pinkmace,ZZ_ChrisWaterworth_101014_7,2,selection of students' art/craft work plus a minecraft screenshot,,2,3,1,,,
Louiseema77,ZZ_ChrisWaterworth_101014_7,2,selection of students' art/craft work plus a minecraft screenshot,,2,3,1,0,1,0
MissJ0nes,ZZ_ChrisWaterworth_101014_7,1,selection of students' art/craft work plus a minecraft screenshot,,2,3,1,,,
SeahamRE,ZZ_ChrisWaterworth_101014_7,1,selection of students' art/craft work plus a minecraft screenshot,,2,3,1,,,
MrKMurphy,ZZ_ChrisWaterworth_101014_7,1 via Louiseema77,selection of students' art/craft work plus a minecraft screenshot,,2,3,1,,,
ChrisWaterworth,ZZ_ChrisWaterworth_101014_8,8,more students' creative work,https://pbs.twimg.com/media/BznDJ38IgAAGEY7.jpg,3,3,0,,,
pinkmace,ZZ_ChrisWaterworth_101014_8,2,more students' creative work,,3,3,0,,,
JanetLloydnet,ZZ_ChrisWaterworth_101014_8,2,more students' creative work,,3,3,0,,,
KatePackham1,ZZ_ChrisWaterworth_101014_8,2,more students' creative work,,3,3,0,,,
JanetLloydnet,ZZ_ChrisWaterworth_101014_8,1,more students' creative work,,3,3,0,,,
Sue_Cowley,ZZ_ChrisWaterworth_101014_8,1,more students' creative work,,3,3,0,,,
KatePackham1,ZZ_ChrisWaterworth_101014_8,1,more students' creative work,,3,3,0,,,
ChrisWaterworth,ZZ_ChrisWaterworth_101014_9,8,parts of classrooom (creative / role play area?),https://pbs.twimg.com/media/BznOVZXIgAAG1Qf.jpg,5,4,2,,,
MohammedSidat,ZZ_ChrisWaterworth_101014_9,4,parts of classrooom (creative / role play area?),,5,4,2,,,
NicoleOB2014,ZZ_ChrisWaterworth_101014_9,4,parts of classrooom (creative / role play area?),,5,4,2,,,
Clegg_li,ZZ_ChrisWaterworth_101014_9,2,parts of classrooom (creative / role play area?),,5,4,2,,,
Mrs_iPad_W,ZZ_ChrisWaterworth_101014_9,2,parts of classrooom (creative / role play area?),,5,4,2,,,
NicoleOB2014,ZZ_ChrisWaterworth_101014_9,2,parts of classrooom (creative / role play area?),,5,4,2,,,
SmilesStephi,ZZ_ChrisWaterworth_101014_9,2,parts of classrooom (creative / role play area?),,5,4,2,,,
MohammedSidat,ZZ_ChrisWaterworth_101014_9,2,parts of classrooom (creative / role play area?),,5,4,2,,,
Trundling17,ZZ_ChrisWaterworth_101014_9,1,parts of classrooom (creative / role play area?),,5,4,2,,,
NicoleOB2014,ZZ_ChrisWaterworth_101014_9,1,parts of classrooom (creative / role play area?),,5,4,2,,,
hull_karla,ZZ_ChrisWaterworth_101014_9,1,parts of classrooom (creative / role play area?),,5,4,2,,,
SmilesStephi,ZZ_ChrisWaterworth_101014_9,1,parts of classrooom (creative / role play area?),,5,4,2,,,
MsLiddell,ZZ_MsLiddell_101014_1,8,instructions for drama task projected on screen,https://pbs.twimg.com/media/BznXVFcIIAAHf3t.jpg,0,0,0,,,
martin_clee,ZZ_martin_clee_101014_1,8,example of student's work (illustrating clever task set by teacher),https://pbs.twimg.com/media/BznoKovIQAAzEYe.jpg,1,1,0,,,
katebritton24,ZZ_martin_clee_101014_1,2,example of student's work (illustrating clever task set by teacher),,1,1,0,,,
DaK_74,ZZ_martin_clee_101014_1,1,example of student's work (illustrating clever task set by teacher),,1,1,0,,,
misstait_85,ZZ_misstait_85_101014_1,8,results of chemistry prac,https://pbs.twimg.com/media/BznusAwIMAA3D5u.jpg,1,0,1,,,
LauraLolder,ZZ_misstait_85_101014_1,4,results of chemistry prac,,1,0,1,,,
SVS_Science,ZZ_misstait_85_101014_1,2,results of chemistry prac,,1,0,1,,,
CDTMrHay,ZZ_CDTMrHay_101014_1,8,classroom-based footbal-related activity,https://pbs.twimg.com/media/Bznv46vCQAAF1Jv.jpg,1,1,1,,,
MohammedSidat,ZZ_CDTMrHay_101014_1,4,classroom-based footbal-related activity,,1,1,1,,,
JamieWatson_99,ZZ_CDTMrHay_101014_1,2,classroom-based footbal-related activity,,1,1,1,,,
JamieWatson_99,ZZ_CDTMrHay_101014_1,1,classroom-based footbal-related activity,,1,1,1,,,
ChrisWaterworth,ZZ_ChrisWaterworth_111014_1,8,single image of student's work (repeat of part of multiple image posted previously),https://pbs.twimg.com/media/BzmIOg8IYAAG0mN.jpg,1,6,0,,,
JanetLloydnet,ZZ_ChrisWaterworth_111014_1,2,single image of student's work (repeat of part of multiple image posted previously),,1,6,0,,,
Idlehandsartist,ZZ_ChrisWaterworth_111014_1,1,single image of student's work (repeat of part of multiple image posted previously),,1,6,0,,,
KeithMaxwell21,ZZ_ChrisWaterworth_111014_1,1,single image of student's work (repeat of part of multiple image posted previously),,1,6,0,,,
JanetLloydnet,ZZ_ChrisWaterworth_111014_1,1,single image of student's work (repeat of part of multiple image posted previously),,1,6,0,,,
CapitaTeachers,ZZ_ChrisWaterworth_111014_1,1,single image of student's work (repeat of part of multiple image posted previously),,1,6,0,,,